ArtSimpleExample,0,Cheating,Opinion-Sensing Costs,-0.025000000000000015
ArtSimpleExample,0,Cheating,Opinion Costs,-180.0
ArtSimpleExample,0,Cheating,Client Earnings,2000.0
ArtSimpleExample,0,Cheating,Certainty Earnings,64.0
ArtSimpleExample,0,Cheating,Opinion Earnings,250.0
ArtSimpleExample,0,Next,Opinion-Sensing Costs,-133.3333333333333
ArtSimpleExample,0,Next,Opinion Costs,-380.0
ArtSimpleExample,0,Next,Client Earnings,2000.0
ArtSimpleExample,0,Next,Certainty Earnings,26.0
ArtSimpleExample,0,Next,Opinion Earnings,400.0
ArtSimpleExample,0,FordPrefect,Opinion-Sensing Costs,-45.0
ArtSimpleExample,0,FordPrefect,Opinion Costs,-200.0
ArtSimpleExample,0,FordPrefect,Certainty Costs,-40.0
ArtSimpleExample,0,FordPrefect,Client Earnings,2000.0
ArtSimpleExample,0,FordPrefect,Certainty Earnings,44.0
ArtSimpleExample,0,FordPrefect,Opinion Earnings,180.0
ArtSimpleExample,0,ForTrust,Opinion-Sensing Costs,-141.0
ArtSimpleExample,0,ForTrust,Opinion Costs,-350.0
ArtSimpleExample,0,ForTrust,Certainty Costs,-56.0
ArtSimpleExample,0,ForTrust,Client Earnings,2000.0
ArtSimpleExample,0,ForTrust,Certainty Earnings,96.0
ArtSimpleExample,0,ForTrust,Opinion Earnings,470.0
ArtSimpleExample,0,Connected,Opinion-Sensing Costs,-115.6547434763379
ArtSimpleExample,0,Connected,Opinion Costs,-400.0
ArtSimpleExample,0,Connected,Certainty Costs,-80.0
ArtSimpleExample,0,Connected,Client Earnings,2000.0
ArtSimpleExample,0,Connected,Certainty Earnings,28.0
ArtSimpleExample,0,Connected,Opinion Earnings,310.0
ArtSimpleExample,0,Honest,Opinion-Sensing Costs,-256.0
ArtSimpleExample,0,Honest,Opinion Costs,-200.0
ArtSimpleExample,0,Honest,Certainty Costs,-80.0
ArtSimpleExample,0,Honest,Client Earnings,2000.0
ArtSimpleExample,0,Honest,Certainty Earnings,50.0
ArtSimpleExample,0,Honest,Opinion Earnings,320.0
ArtSimpleExample,0,Uno,Opinion-Sensing Costs,-72.0
ArtSimpleExample,0,Uno,Opinion Costs,-400.0
ArtSimpleExample,0,Uno,Certainty Costs,-80.0
ArtSimpleExample,0,Uno,Client Earnings,2000.0
ArtSimpleExample,0,Uno,Certainty Earnings,28.0
ArtSimpleExample,0,Uno,Opinion Earnings,180.0
ArtSimpleExample,1,Cheating,Opinion-Sensing Costs,-0.02100000000000001
ArtSimpleExample,1,Cheating,Opinion Costs,-290.0
ArtSimpleExample,1,Cheating,Client Earnings,3400.0
ArtSimpleExample,1,Cheating,Certainty Earnings,70.0
ArtSimpleExample,1,Cheating,Opinion Earnings,210.0
ArtSimpleExample,1,Next,Opinion-Sensing Costs,-53.33333333333334
ArtSimpleExample,1,Next,Opinion Costs,-40.0
ArtSimpleExample,1,Next,Client Earnings,200.0
ArtSimpleExample,1,Next,Certainty Earnings,24.0
ArtSimpleExample,1,Next,Opinion Earnings,160.0
ArtSimpleExample,1,FordPrefect,Opinion-Sensing Costs,-87.0
ArtSimpleExample,1,FordPrefect,Opinion Costs,-430.0
ArtSimpleExample,1,FordPrefect,Certainty Costs,-60.0
ArtSimpleExample,1,FordPrefect,Client Earnings,3000.0
ArtSimpleExample,1,FordPrefect,Certainty Earnings,6.0
ArtSimpleExample,1,FordPrefect,Opinion Earnings,260.0
ArtSimpleExample,1,ForTrust,Opinion-Sensing Costs,-115.0
ArtSimpleExample,1,ForTrust,Opinion Costs,-340.0
ArtSimpleExample,1,ForTrust,Certainty Costs,-16.0
ArtSimpleExample,1,ForTrust,Client Earnings,1900.0
ArtSimpleExample,1,ForTrust,Certainty Earnings,30.0
ArtSimpleExample,1,ForTrust,Opinion Earnings,450.0
ArtSimpleExample,1,Connected,Opinion-Sensing Costs,-149.89285914285713
ArtSimpleExample,1,Connected,Opinion Costs,-40.0
ArtSimpleExample,1,Connected,Certainty Costs,-40.0
ArtSimpleExample,1,Connected,Client Earnings,200.0
ArtSimpleExample,1,Connected,Certainty Earnings,54.0
ArtSimpleExample,1,Connected,Opinion Earnings,430.0
ArtSimpleExample,1,Honest,Opinion-Sensing Costs,-168.0
ArtSimpleExample,1,Honest,Opinion Costs,-260.0
ArtSimpleExample,1,Honest,Certainty Costs,-80.0
ArtSimpleExample,1,Honest,Client Earnings,2600.0
ArtSimpleExample,1,Honest,Certainty Earnings,2.0
ArtSimpleExample,1,Honest,Opinion Earnings,210.0
ArtSimpleExample,1,Uno,Opinion-Sensing Costs,-68.0
ArtSimpleExample,1,Uno,Opinion Costs,-490.0
ArtSimpleExample,1,Uno,Client Earnings,2500.0
ArtSimpleExample,1,Uno,Certainty Earnings,10.0
ArtSimpleExample,1,Uno,Opinion Earnings,170.0
ArtSimpleExample,2,Cheating,Opinion Costs,-30.0
ArtSimpleExample,2,Cheating,Client Earnings,300.0
ArtSimpleExample,2,Next,Opinion-Sensing Costs,-93.33333333333331
ArtSimpleExample,2,Next,Opinion Costs,-560.0
ArtSimpleExample,2,Next,Client Earnings,3600.0
ArtSimpleExample,2,Next,Certainty Earnings,38.0
ArtSimpleExample,2,Next,Opinion Earnings,280.0
ArtSimpleExample,2,FordPrefect,Opinion-Sensing Costs,-128.0
ArtSimpleExample,2,FordPrefect,Opinion Costs,-40.0
ArtSimpleExample,2,FordPrefect,Certainty Costs,-6.0
ArtSimpleExample,2,FordPrefect,Client Earnings,300.0
ArtSimpleExample,2,FordPrefect,Certainty Earnings,78.0
ArtSimpleExample,2,FordPrefect,Opinion Earnings,380.0
ArtSimpleExample,2,ForTrust,Opinion-Sensing Costs,-129.0
ArtSimpleExample,2,ForTrust,Opinion Costs,-390.0
ArtSimpleExample,2,ForTrust,Certainty Costs,-6.0
ArtSimpleExample,2,ForTrust,Client Earnings,2100.0
ArtSimpleExample,2,ForTrust,Certainty Earnings,2.0
ArtSimpleExample,2,ForTrust,Opinion Earnings,430.0
ArtSimpleExample,2,Connected,Opinion-Sensing Costs,-103.40756302521008
ArtSimpleExample,2,Connected,Opinion Costs,-300.0
ArtSimpleExample,2,Connected,Certainty Costs,-80.0
ArtSimpleExample,2,Connected,Client Earnings,1500.0
ArtSimpleExample,2,Connected,Certainty Earnings,12.0
ArtSimpleExample,2,Connected,Opinion Earnings,240.0
ArtSimpleExample,2,Honest,Opinion-Sensing Costs,-400.0
ArtSimpleExample,2,Honest,Opinion Costs,-280.0
ArtSimpleExample,2,Honest,Certainty Costs,-80.0
ArtSimpleExample,2,Honest,Client Earnings,2800.0
ArtSimpleExample,2,Honest,Certainty Earnings,20.0
ArtSimpleExample,2,Honest,Opinion Earnings,500.0
ArtSimpleExample,2,Uno,Opinion-Sensing Costs,-168.0
ArtSimpleExample,2,Uno,Opinion Costs,-650.0
ArtSimpleExample,2,Uno,Client Earnings,3300.0
ArtSimpleExample,2,Uno,Certainty Earnings,22.0
ArtSimpleExample,2,Uno,Opinion Earnings,420.0
ArtSimpleExample,3,Cheating,Opinion-Sensing Costs,-0.01900000000000001
ArtSimpleExample,3,Cheating,Opinion Costs,-150.0
ArtSimpleExample,3,Cheating,Client Earnings,1800.0
ArtSimpleExample,3,Cheating,Opinion Earnings,190.0
ArtSimpleExample,3,Next,Opinion-Sensing Costs,-136.66666666666663
ArtSimpleExample,3,Next,Opinion Costs,-320.0
ArtSimpleExample,3,Next,Client Earnings,2000.0
ArtSimpleExample,3,Next,Certainty Earnings,14.0
ArtSimpleExample,3,Next,Opinion Earnings,410.0
ArtSimpleExample,3,FordPrefect,Opinion-Sensing Costs,-131.0
ArtSimpleExample,3,FordPrefect,Opinion Costs,-130.0
ArtSimpleExample,3,FordPrefect,Certainty Costs,-24.0
ArtSimpleExample,3,FordPrefect,Client Earnings,1200.0
ArtSimpleExample,3,FordPrefect,Opinion Earnings,350.0
ArtSimpleExample,3,ForTrust,Opinion-Sensing Costs,-84.0
ArtSimpleExample,3,ForTrust,Opinion Costs,-530.0
ArtSimpleExample,3,ForTrust,Certainty Costs,-6.0
ArtSimpleExample,3,ForTrust,Client Earnings,2800.0
ArtSimpleExample,3,ForTrust,Certainty Earnings,20.0
ArtSimpleExample,3,ForTrust,Opinion Earnings,280.0
ArtSimpleExample,3,Connected,Opinion-Sensing Costs,-137.4033633445378
ArtSimpleExample,3,Connected,Opinion Costs,-400.0
ArtSimpleExample,3,Connected,Certainty Costs,-20.0
ArtSimpleExample,3,Connected,Client Earnings,2000.0
ArtSimpleExample,3,Connected,Certainty Earnings,24.0
ArtSimpleExample,3,Connected,Opinion Earnings,340.0
ArtSimpleExample,3,Honest,Opinion-Sensing Costs,-264.0
ArtSimpleExample,3,Honest,Opinion Costs,-180.0
ArtSimpleExample,3,Honest,Certainty Costs,-34.0
ArtSimpleExample,3,Honest,Client Earnings,1800.0
ArtSimpleExample,3,Honest,Certainty Earnings,2.0
ArtSimpleExample,3,Honest,Opinion Earnings,330.0
ArtSimpleExample,3,Uno,Opinion-Sensing Costs,-104.0
ArtSimpleExample,3,Uno,Opinion Costs,-450.0
ArtSimpleExample,3,Uno,Client Earnings,2300.0
ArtSimpleExample,3,Uno,Certainty Earnings,24.0
ArtSimpleExample,3,Uno,Opinion Earnings,260.0
ArtSimpleExample,4,Cheating,Opinion Costs,-20.0
ArtSimpleExample,4,Cheating,Client Earnings,200.0
ArtSimpleExample,4,Next,Opinion-Sensing Costs,-139.99999999999997
ArtSimpleExample,4,Next,Opinion Costs,-60.0
ArtSimpleExample,4,Next,Client Earnings,300.0
ArtSimpleExample,4,Next,Certainty Earnings,24.0
ArtSimpleExample,4,Next,Opinion Earnings,420.0
ArtSimpleExample,4,FordPrefect,Opinion-Sensing Costs,-192.0
ArtSimpleExample,4,FordPrefect,Opinion Costs,-230.0
ArtSimpleExample,4,FordPrefect,Certainty Costs,-46.0
ArtSimpleExample,4,FordPrefect,Client Earnings,2300.0
ArtSimpleExample,4,FordPrefect,Certainty Earnings,24.0
ArtSimpleExample,4,FordPrefect,Opinion Earnings,520.0
ArtSimpleExample,4,ForTrust,Opinion-Sensing Costs,-111.5
ArtSimpleExample,4,ForTrust,Opinion Costs,-700.0
ArtSimpleExample,4,ForTrust,Certainty Costs,-14.0
ArtSimpleExample,4,ForTrust,Client Earnings,4100.0
ArtSimpleExample,4,ForTrust,Certainty Earnings,20.0
ArtSimpleExample,4,ForTrust,Opinion Earnings,380.0
ArtSimpleExample,4,Connected,Opinion-Sensing Costs,-126.29411864705882
ArtSimpleExample,4,Connected,Opinion Costs,-720.0
ArtSimpleExample,4,Connected,Certainty Costs,-80.0
ArtSimpleExample,4,Connected,Client Earnings,3600.0
ArtSimpleExample,4,Connected,Certainty Earnings,4.0
ArtSimpleExample,4,Connected,Opinion Earnings,250.0
ArtSimpleExample,4,Honest,Opinion-Sensing Costs,-344.0
ArtSimpleExample,4,Honest,Opinion Costs,-20.0
ArtSimpleExample,4,Honest,Certainty Costs,-4.0
ArtSimpleExample,4,Honest,Client Earnings,200.0
ArtSimpleExample,4,Honest,Opinion Earnings,430.0
ArtSimpleExample,4,Uno,Opinion-Sensing Costs,-148.0
ArtSimpleExample,4,Uno,Opinion Costs,-620.0
ArtSimpleExample,4,Uno,Client Earnings,3300.0
ArtSimpleExample,4,Uno,Certainty Earnings,72.0
ArtSimpleExample,4,Uno,Opinion Earnings,370.0
ArtSimpleExample,5,Cheating,Client Earnings,100.0
ArtSimpleExample,5,Next,Opinion-Sensing Costs,-93.33333333333331
ArtSimpleExample,5,Next,Opinion Costs,-420.0
ArtSimpleExample,5,Next,Client Earnings,3000.0
ArtSimpleExample,5,Next,Certainty Earnings,28.0
ArtSimpleExample,5,Next,Opinion Earnings,280.0
ArtSimpleExample,5,FordPrefect,Opinion-Sensing Costs,-144.0
ArtSimpleExample,5,FordPrefect,Opinion Costs,-190.0
ArtSimpleExample,5,FordPrefect,Certainty Costs,-30.0
ArtSimpleExample,5,FordPrefect,Client Earnings,1500.0
ArtSimpleExample,5,FordPrefect,Opinion Earnings,380.0
ArtSimpleExample,5,ForTrust,Opinion-Sensing Costs,-108.0
ArtSimpleExample,5,ForTrust,Opinion Costs,-300.0
ArtSimpleExample,5,ForTrust,Certainty Costs,-2.0
ArtSimpleExample,5,ForTrust,Client Earnings,1700.0
ArtSimpleExample,5,ForTrust,Opinion Earnings,360.0
ArtSimpleExample,5,Connected,Opinion-Sensing Costs,-180.8440089322442
ArtSimpleExample,5,Connected,Opinion Costs,-480.0
ArtSimpleExample,5,Connected,Certainty Costs,-20.0
ArtSimpleExample,5,Connected,Client Earnings,2400.0
ArtSimpleExample,5,Connected,Opinion Earnings,560.0
ArtSimpleExample,5,Honest,Opinion-Sensing Costs,-176.0
ArtSimpleExample,5,Honest,Opinion Costs,-290.0
ArtSimpleExample,5,Honest,Client Earnings,2900.0
ArtSimpleExample,5,Honest,Certainty Earnings,24.0
ArtSimpleExample,5,Honest,Opinion Earnings,220.0
ArtSimpleExample,5,Uno,Opinion-Sensing Costs,-124.0
ArtSimpleExample,5,Uno,Opinion Costs,-430.0
ArtSimpleExample,5,Uno,Client Earnings,2400.0
ArtSimpleExample,5,Uno,Opinion Earnings,310.0
ArtSimpleExample,6,Cheating,Opinion Costs,-100.0
ArtSimpleExample,6,Cheating,Client Earnings,1000.0
ArtSimpleExample,6,Next,Opinion-Sensing Costs,-103.3333333333333
ArtSimpleExample,6,Next,Opinion Costs,-410.0
ArtSimpleExample,6,Next,Client Earnings,3200.0
ArtSimpleExample,6,Next,Certainty Earnings,26.0
ArtSimpleExample,6,Next,Opinion Earnings,310.0
ArtSimpleExample,6,FordPrefect,Opinion-Sensing Costs,-117.0
ArtSimpleExample,6,FordPrefect,Opinion Costs,-190.0
ArtSimpleExample,6,FordPrefect,Certainty Costs,-32.0
ArtSimpleExample,6,FordPrefect,Client Earnings,1600.0
ArtSimpleExample,6,FordPrefect,Certainty Earnings,20.0
ArtSimpleExample,6,FordPrefect,Opinion Earnings,300.0
ArtSimpleExample,6,ForTrust,Opinion-Sensing Costs,-102.5
ArtSimpleExample,6,ForTrust,Opinion Costs,-240.0
ArtSimpleExample,6,ForTrust,Client Earnings,1500.0
ArtSimpleExample,6,ForTrust,Certainty Earnings,6.0
ArtSimpleExample,6,ForTrust,Opinion Earnings,350.0
ArtSimpleExample,6,Connected,Opinion-Sensing Costs,-105.39032736091357
ArtSimpleExample,6,Connected,Opinion Costs,-520.0
ArtSimpleExample,6,Connected,Certainty Costs,-80.0
ArtSimpleExample,6,Connected,Client Earnings,2600.0
ArtSimpleExample,6,Connected,Opinion Earnings,310.0
ArtSimpleExample,6,Honest,Opinion-Sensing Costs,-328.01
ArtSimpleExample,6,Honest,Opinion Costs,-140.0
ArtSimpleExample,6,Honest,Client Earnings,1400.0
ArtSimpleExample,6,Honest,Certainty Earnings,36.0
ArtSimpleExample,6,Honest,Opinion Earnings,420.0
ArtSimpleExample,6,Uno,Opinion-Sensing Costs,-156.0
ArtSimpleExample,6,Uno,Opinion Costs,-480.0
ArtSimpleExample,6,Uno,Client Earnings,2700.0
ArtSimpleExample,6,Uno,Certainty Earnings,24.0
ArtSimpleExample,6,Uno,Opinion Earnings,390.0
ArtSimpleExample,7,Cheating,Opinion Costs,-10.0
ArtSimpleExample,7,Cheating,Client Earnings,100.0
ArtSimpleExample,7,Next,Opinion-Sensing Costs,-109.99999999999996
ArtSimpleExample,7,Next,Opinion Costs,-400.0
ArtSimpleExample,7,Next,Client Earnings,3100.0
ArtSimpleExample,7,Next,Opinion Earnings,330.0
ArtSimpleExample,7,FordPrefect,Opinion-Sensing Costs,-128.0
ArtSimpleExample,7,FordPrefect,Opinion Costs,-210.0
ArtSimpleExample,7,FordPrefect,Certainty Costs,-22.0
ArtSimpleExample,7,FordPrefect,Client Earnings,1400.0
ArtSimpleExample,7,FordPrefect,Opinion Earnings,320.0
ArtSimpleExample,7,ForTrust,Opinion-Sensing Costs,-141.0
ArtSimpleExample,7,ForTrust,Opinion Costs,-270.0
ArtSimpleExample,7,ForTrust,Client Earnings,1600.0
ArtSimpleExample,7,ForTrust,Certainty Earnings,20.0
ArtSimpleExample,7,ForTrust,Opinion Earnings,470.0
ArtSimpleExample,7,Connected,Opinion-Sensing Costs,-88.88655462184875
ArtSimpleExample,7,Connected,Opinion Costs,-540.0
ArtSimpleExample,7,Connected,Certainty Costs,-20.0
ArtSimpleExample,7,Connected,Client Earnings,2700.0
ArtSimpleExample,7,Connected,Opinion Earnings,230.0
ArtSimpleExample,7,Honest,Opinion-Sensing Costs,-288.01
ArtSimpleExample,7,Honest,Opinion Costs,-210.0
ArtSimpleExample,7,Honest,Client Earnings,2100.0
ArtSimpleExample,7,Honest,Certainty Earnings,22.0
ArtSimpleExample,7,Honest,Opinion Earnings,370.0
ArtSimpleExample,7,Uno,Opinion-Sensing Costs,-124.0
ArtSimpleExample,7,Uno,Opinion Costs,-390.0
ArtSimpleExample,7,Uno,Client Earnings,3000.0
ArtSimpleExample,7,Uno,Opinion Earnings,310.0
ArtSimpleExample,8,Cheating,Client Earnings,100.0
ArtSimpleExample,8,Next,Opinion-Sensing Costs,-156.66666666666669
ArtSimpleExample,8,Next,Opinion Costs,-370.0
ArtSimpleExample,8,Next,Client Earnings,2700.0
ArtSimpleExample,8,Next,Certainty Earnings,26.0
ArtSimpleExample,8,Next,Opinion Earnings,470.0
ArtSimpleExample,8,FordPrefect,Opinion-Sensing Costs,-92.0
ArtSimpleExample,8,FordPrefect,Opinion Costs,-240.0
ArtSimpleExample,8,FordPrefect,Certainty Costs,-6.0
ArtSimpleExample,8,FordPrefect,Client Earnings,2300.0
ArtSimpleExample,8,FordPrefect,Certainty Earnings,6.0
ArtSimpleExample,8,FordPrefect,Opinion Earnings,230.0
ArtSimpleExample,8,ForTrust,Opinion-Sensing Costs,-99.0
ArtSimpleExample,8,ForTrust,Opinion Costs,-300.0
ArtSimpleExample,8,ForTrust,Certainty Costs,-28.0
ArtSimpleExample,8,ForTrust,Client Earnings,1800.0
ArtSimpleExample,8,ForTrust,Certainty Earnings,20.0
ArtSimpleExample,8,ForTrust,Opinion Earnings,330.0
ArtSimpleExample,8,Connected,Opinion-Sensing Costs,-120.53921568627453
ArtSimpleExample,8,Connected,Opinion Costs,-500.0
ArtSimpleExample,8,Connected,Certainty Costs,-80.0
ArtSimpleExample,8,Connected,Client Earnings,2500.0
ArtSimpleExample,8,Connected,Certainty Earnings,14.0
ArtSimpleExample,8,Connected,Opinion Earnings,200.0
ArtSimpleExample,8,Honest,Opinion-Sensing Costs,-288.0
ArtSimpleExample,8,Honest,Opinion Costs,-200.0
ArtSimpleExample,8,Honest,Client Earnings,2000.0
ArtSimpleExample,8,Honest,Certainty Earnings,26.0
ArtSimpleExample,8,Honest,Opinion Earnings,360.0
ArtSimpleExample,8,Uno,Opinion-Sensing Costs,-144.0
ArtSimpleExample,8,Uno,Opinion Costs,-340.0
ArtSimpleExample,8,Uno,Client Earnings,2600.0
ArtSimpleExample,8,Uno,Certainty Earnings,22.0
ArtSimpleExample,8,Uno,Opinion Earnings,360.0
ArtSimpleExample,9,Cheating,Opinion Costs,-70.0
ArtSimpleExample,9,Cheating,Client Earnings,1000.0
ArtSimpleExample,9,Next,Opinion-Sensing Costs,-76.66666666666667
ArtSimpleExample,9,Next,Opinion Costs,-420.0
ArtSimpleExample,9,Next,Client Earnings,3000.0
ArtSimpleExample,9,Next,Opinion Earnings,230.0
ArtSimpleExample,9,FordPrefect,Opinion-Sensing Costs,-125.0
ArtSimpleExample,9,FordPrefect,Opinion Costs,-200.0
ArtSimpleExample,9,FordPrefect,Client Earnings,1900.0
ArtSimpleExample,9,FordPrefect,Certainty Earnings,20.0
ArtSimpleExample,9,FordPrefect,Opinion Earnings,320.0
ArtSimpleExample,9,ForTrust,Opinion-Sensing Costs,-141.0
ArtSimpleExample,9,ForTrust,Opinion Costs,-280.0
ArtSimpleExample,9,ForTrust,Certainty Costs,-8.0
ArtSimpleExample,9,ForTrust,Client Earnings,1600.0
ArtSimpleExample,9,ForTrust,Opinion Earnings,470.0
ArtSimpleExample,9,Connected,Opinion-Sensing Costs,-95.98917948917747
ArtSimpleExample,9,Connected,Opinion Costs,-520.0
ArtSimpleExample,9,Connected,Certainty Costs,-20.0
ArtSimpleExample,9,Connected,Client Earnings,2600.0
ArtSimpleExample,9,Connected,Certainty Earnings,2.0
ArtSimpleExample,9,Connected,Opinion Earnings,210.0
ArtSimpleExample,9,Honest,Opinion-Sensing Costs,-240.0
ArtSimpleExample,9,Honest,Opinion Costs,-150.0
ArtSimpleExample,9,Honest,Client Earnings,1500.0
ArtSimpleExample,9,Honest,Certainty Earnings,4.0
ArtSimpleExample,9,Honest,Opinion Earnings,300.0
ArtSimpleExample,9,Uno,Opinion-Sensing Costs,-156.0
ArtSimpleExample,9,Uno,Opinion Costs,-280.0
ArtSimpleExample,9,Uno,Client Earnings,2400.0
ArtSimpleExample,9,Uno,Certainty Earnings,2.0
ArtSimpleExample,9,Uno,Opinion Earnings,390.0
ArtSimpleExample,10,Cheating,Opinion-Sensing Costs,-0.0010
ArtSimpleExample,10,Cheating,Client Earnings,100.0
ArtSimpleExample,10,Cheating,Opinion Earnings,10.0
ArtSimpleExample,10,Next,Opinion-Sensing Costs,-70.00000000000001
ArtSimpleExample,10,Next,Opinion Costs,-350.0
ArtSimpleExample,10,Next,Client Earnings,2500.0
ArtSimpleExample,10,Next,Opinion Earnings,210.0
ArtSimpleExample,10,FordPrefect,Opinion-Sensing Costs,-144.0
ArtSimpleExample,10,FordPrefect,Opinion Costs,-220.0
ArtSimpleExample,10,FordPrefect,Client Earnings,2100.0
ArtSimpleExample,10,FordPrefect,Certainty Earnings,22.0
ArtSimpleExample,10,FordPrefect,Opinion Earnings,360.0
ArtSimpleExample,10,ForTrust,Opinion-Sensing Costs,-99.0
ArtSimpleExample,10,ForTrust,Opinion Costs,-330.0
ArtSimpleExample,10,ForTrust,Certainty Costs,-8.0
ArtSimpleExample,10,ForTrust,Client Earnings,1800.0
ArtSimpleExample,10,ForTrust,Certainty Earnings,20.0
ArtSimpleExample,10,ForTrust,Opinion Earnings,330.0
ArtSimpleExample,10,Connected,Opinion-Sensing Costs,-109.93240093240092
ArtSimpleExample,10,Connected,Opinion Costs,-640.0
ArtSimpleExample,10,Connected,Certainty Costs,-80.0
ArtSimpleExample,10,Connected,Client Earnings,3200.0
ArtSimpleExample,10,Connected,Opinion Earnings,300.0
ArtSimpleExample,10,Honest,Opinion-Sensing Costs,-320.0
ArtSimpleExample,10,Honest,Opinion Costs,-180.0
ArtSimpleExample,10,Honest,Client Earnings,1800.0
ArtSimpleExample,10,Honest,Certainty Earnings,22.0
ArtSimpleExample,10,Honest,Opinion Earnings,400.0
ArtSimpleExample,10,Uno,Opinion-Sensing Costs,-152.0
ArtSimpleExample,10,Uno,Opinion Costs,-270.0
ArtSimpleExample,10,Uno,Client Earnings,2500.0
ArtSimpleExample,10,Uno,Certainty Earnings,24.0
ArtSimpleExample,10,Uno,Opinion Earnings,380.0
ArtSimpleExample,11,Cheating,Opinion Costs,-130.0
ArtSimpleExample,11,Cheating,Client Earnings,1300.0
ArtSimpleExample,11,Next,Opinion-Sensing Costs,-106.66666666666663
ArtSimpleExample,11,Next,Opinion Costs,-60.0
ArtSimpleExample,11,Next,Client Earnings,400.0
ArtSimpleExample,11,Next,Certainty Earnings,24.0
ArtSimpleExample,11,Next,Opinion Earnings,320.0
ArtSimpleExample,11,FordPrefect,Opinion-Sensing Costs,-148.0
ArtSimpleExample,11,FordPrefect,Opinion Costs,-250.0
ArtSimpleExample,11,FordPrefect,Client Earnings,2300.0
ArtSimpleExample,11,FordPrefect,Certainty Earnings,4.0
ArtSimpleExample,11,FordPrefect,Opinion Earnings,370.0
ArtSimpleExample,11,ForTrust,Opinion-Sensing Costs,-46.5
ArtSimpleExample,11,ForTrust,Opinion Costs,-400.0
ArtSimpleExample,11,ForTrust,Certainty Costs,-10.0
ArtSimpleExample,11,ForTrust,Client Earnings,2200.0
ArtSimpleExample,11,ForTrust,Opinion Earnings,180.0
ArtSimpleExample,11,Connected,Opinion-Sensing Costs,-214.0601135601065
ArtSimpleExample,11,Connected,Opinion Costs,-380.0
ArtSimpleExample,11,Connected,Certainty Costs,-20.0
ArtSimpleExample,11,Connected,Client Earnings,3200.0
ArtSimpleExample,11,Connected,Opinion Earnings,540.0
ArtSimpleExample,11,Honest,Opinion-Sensing Costs,-144.01999999999998
ArtSimpleExample,11,Honest,Opinion Costs,-210.0
ArtSimpleExample,11,Honest,Client Earnings,2100.0
ArtSimpleExample,11,Honest,Opinion Earnings,200.0
ArtSimpleExample,11,Uno,Opinion-Sensing Costs,-76.0
ArtSimpleExample,11,Uno,Opinion Costs,-370.0
ArtSimpleExample,11,Uno,Client Earnings,2500.0
ArtSimpleExample,11,Uno,Certainty Earnings,2.0
ArtSimpleExample,11,Uno,Opinion Earnings,190.0
ArtSimpleExample,12,Cheating,Opinion Costs,-10.0
ArtSimpleExample,12,Cheating,Client Earnings,100.0
ArtSimpleExample,12,Next,Opinion-Sensing Costs,-86.66666666666666
ArtSimpleExample,12,Next,Opinion Costs,-320.0
ArtSimpleExample,12,Next,Client Earnings,2400.0
ArtSimpleExample,12,Next,Certainty Earnings,22.0
ArtSimpleExample,12,Next,Opinion Earnings,260.0
ArtSimpleExample,12,FordPrefect,Opinion-Sensing Costs,-196.0
ArtSimpleExample,12,FordPrefect,Opinion Costs,-160.0
ArtSimpleExample,12,FordPrefect,Client Earnings,1600.0
ArtSimpleExample,12,FordPrefect,Certainty Earnings,24.0
ArtSimpleExample,12,FordPrefect,Opinion Earnings,490.0
ArtSimpleExample,12,ForTrust,Opinion-Sensing Costs,-99.0
ArtSimpleExample,12,ForTrust,Opinion Costs,-420.0
ArtSimpleExample,12,ForTrust,Certainty Costs,-8.0
ArtSimpleExample,12,ForTrust,Client Earnings,2400.0
ArtSimpleExample,12,ForTrust,Opinion Earnings,330.0
ArtSimpleExample,12,Connected,Opinion-Sensing Costs,-96.00649450649348
ArtSimpleExample,12,Connected,Opinion Costs,-300.0
ArtSimpleExample,12,Connected,Certainty Costs,-80.0
ArtSimpleExample,12,Connected,Client Earnings,2500.0
ArtSimpleExample,12,Connected,Opinion Earnings,250.0
ArtSimpleExample,12,Honest,Opinion-Sensing Costs,-256.0
ArtSimpleExample,12,Honest,Opinion Costs,-210.0
ArtSimpleExample,12,Honest,Client Earnings,2100.0
ArtSimpleExample,12,Honest,Certainty Earnings,22.0
ArtSimpleExample,12,Honest,Opinion Earnings,320.0
ArtSimpleExample,12,Uno,Opinion-Sensing Costs,-96.0
ArtSimpleExample,12,Uno,Opinion Costs,-470.0
ArtSimpleExample,12,Uno,Client Earnings,2800.0
ArtSimpleExample,12,Uno,Certainty Earnings,20.0
ArtSimpleExample,12,Uno,Opinion Earnings,240.0
ArtSimpleExample,13,Cheating,Opinion Costs,-10.0
ArtSimpleExample,13,Cheating,Client Earnings,100.0
ArtSimpleExample,13,Next,Opinion-Sensing Costs,-109.99999999999996
ArtSimpleExample,13,Next,Opinion Costs,-290.0
ArtSimpleExample,13,Next,Client Earnings,2300.0
ArtSimpleExample,13,Next,Certainty Earnings,4.0
ArtSimpleExample,13,Next,Opinion Earnings,330.0
ArtSimpleExample,13,FordPrefect,Opinion-Sensing Costs,-124.0
ArtSimpleExample,13,FordPrefect,Opinion Costs,-170.0
ArtSimpleExample,13,FordPrefect,Client Earnings,1600.0
ArtSimpleExample,13,FordPrefect,Certainty Earnings,2.0
ArtSimpleExample,13,FordPrefect,Opinion Earnings,310.0
ArtSimpleExample,13,ForTrust,Opinion-Sensing Costs,-54.0
ArtSimpleExample,13,ForTrust,Opinion Costs,-550.0
ArtSimpleExample,13,ForTrust,Certainty Costs,-16.0
ArtSimpleExample,13,ForTrust,Client Earnings,3300.0
ArtSimpleExample,13,ForTrust,Certainty Earnings,20.0
ArtSimpleExample,13,ForTrust,Opinion Earnings,180.0
ArtSimpleExample,13,Connected,Opinion-Sensing Costs,-114.80952380952381
ArtSimpleExample,13,Connected,Opinion Costs,-310.0
ArtSimpleExample,13,Connected,Certainty Costs,-20.0
ArtSimpleExample,13,Connected,Client Earnings,2800.0
ArtSimpleExample,13,Connected,Certainty Earnings,6.0
ArtSimpleExample,13,Connected,Opinion Earnings,280.0
ArtSimpleExample,13,Honest,Opinion-Sensing Costs,-344.0
ArtSimpleExample,13,Honest,Opinion Costs,-150.0
ArtSimpleExample,13,Honest,Client Earnings,1500.0
ArtSimpleExample,13,Honest,Certainty Earnings,2.0
ArtSimpleExample,13,Honest,Opinion Earnings,430.0
ArtSimpleExample,13,Uno,Opinion-Sensing Costs,-140.0
ArtSimpleExample,13,Uno,Opinion Costs,-400.0
ArtSimpleExample,13,Uno,Client Earnings,2400.0
ArtSimpleExample,13,Uno,Certainty Earnings,2.0
ArtSimpleExample,13,Uno,Opinion Earnings,350.0
ArtSimpleExample,14,Cheating,Opinion Costs,-200.0
ArtSimpleExample,14,Cheating,Client Earnings,2300.0
ArtSimpleExample,14,Next,Opinion-Sensing Costs,-66.66666666666669
ArtSimpleExample,14,Next,Opinion Costs,-220.0
ArtSimpleExample,14,Next,Client Earnings,1900.0
ArtSimpleExample,14,Next,Certainty Earnings,20.0
ArtSimpleExample,14,Next,Opinion Earnings,200.0
ArtSimpleExample,14,FordPrefect,Opinion-Sensing Costs,-167.0
ArtSimpleExample,14,FordPrefect,Opinion Costs,-220.0
ArtSimpleExample,14,FordPrefect,Client Earnings,1700.0
ArtSimpleExample,14,FordPrefect,Certainty Earnings,20.0
ArtSimpleExample,14,FordPrefect,Opinion Earnings,420.0
ArtSimpleExample,14,ForTrust,Opinion-Sensing Costs,-43.5
ArtSimpleExample,14,ForTrust,Opinion Costs,-540.0
ArtSimpleExample,14,ForTrust,Certainty Costs,-4.0
ArtSimpleExample,14,ForTrust,Client Earnings,2900.0
ArtSimpleExample,14,ForTrust,Certainty Earnings,20.0
ArtSimpleExample,14,ForTrust,Opinion Earnings,170.0
ArtSimpleExample,14,Connected,Opinion-Sensing Costs,-77.46167098798279
ArtSimpleExample,14,Connected,Opinion Costs,-220.0
ArtSimpleExample,14,Connected,Certainty Costs,-80.0
ArtSimpleExample,14,Connected,Client Earnings,1900.0
ArtSimpleExample,14,Connected,Opinion Earnings,230.0
ArtSimpleExample,14,Honest,Opinion-Sensing Costs,-328.0
ArtSimpleExample,14,Honest,Opinion Costs,-120.0
ArtSimpleExample,14,Honest,Client Earnings,1200.0
ArtSimpleExample,14,Honest,Certainty Earnings,22.0
ArtSimpleExample,14,Honest,Opinion Earnings,410.0
ArtSimpleExample,14,Uno,Opinion-Sensing Costs,-188.0
ArtSimpleExample,14,Uno,Opinion Costs,-380.0
ArtSimpleExample,14,Uno,Client Earnings,2100.0
ArtSimpleExample,14,Uno,Certainty Earnings,2.0
ArtSimpleExample,14,Uno,Opinion Earnings,470.0
ArtSimpleExample,15,Cheating,Opinion-Sensing Costs,-0.0010
ArtSimpleExample,15,Cheating,Opinion Costs,-20.0
ArtSimpleExample,15,Cheating,Client Earnings,200.0
ArtSimpleExample,15,Cheating,Opinion Earnings,10.0
ArtSimpleExample,15,Cheating,Reputation Earnings,10.0
ArtSimpleExample,15,Next,Opinion-Sensing Costs,-80.0
ArtSimpleExample,15,Next,Opinion Costs,-250.0
ArtSimpleExample,15,Next,Client Earnings,2100.0
ArtSimpleExample,15,Next,Certainty Earnings,4.0
ArtSimpleExample,15,Next,Opinion Earnings,240.0
ArtSimpleExample,15,Next,Reputation Earnings,10.0
ArtSimpleExample,15,FordPrefect,Opinion-Sensing Costs,-140.0
ArtSimpleExample,15,FordPrefect,Opinion Costs,-200.0
ArtSimpleExample,15,FordPrefect,Client Earnings,1700.0
ArtSimpleExample,15,FordPrefect,Opinion Earnings,350.0
ArtSimpleExample,15,FordPrefect,Reputation Earnings,10.0
ArtSimpleExample,15,ForTrust,Opinion-Sensing Costs,-108.5
ArtSimpleExample,15,ForTrust,Opinion Costs,-430.0
ArtSimpleExample,15,ForTrust,Certainty Costs,-6.0
ArtSimpleExample,15,ForTrust,Client Earnings,2600.0
ArtSimpleExample,15,ForTrust,Opinion Earnings,370.0
ArtSimpleExample,15,ForTrust,Reputation Earnings,10.0
ArtSimpleExample,15,Connected,Opinion-Sensing Costs,-97.04974073395027
ArtSimpleExample,15,Connected,Opinion Costs,-330.0
ArtSimpleExample,15,Connected,Certainty Costs,-20.0
ArtSimpleExample,15,Connected,Client Earnings,3100.0
ArtSimpleExample,15,Connected,Certainty Earnings,2.0
ArtSimpleExample,15,Connected,Opinion Earnings,280.0
ArtSimpleExample,15,Connected,Reputation Earnings,10.0
ArtSimpleExample,15,Honest,Opinion-Sensing Costs,-344.0
ArtSimpleExample,15,Honest,Opinion Costs,-130.0
ArtSimpleExample,15,Honest,Client Earnings,1300.0
ArtSimpleExample,15,Honest,Opinion Earnings,430.0
ArtSimpleExample,15,Honest,Reputation Earnings,10.0
ArtSimpleExample,15,Uno,Opinion-Sensing Costs,-96.0
ArtSimpleExample,15,Uno,Reputation Costs,-60.0
ArtSimpleExample,15,Uno,Opinion Costs,-560.0
ArtSimpleExample,15,Uno,Client Earnings,3000.0
ArtSimpleExample,15,Uno,Certainty Earnings,20.0
ArtSimpleExample,15,Uno,Opinion Earnings,240.0
ArtSimpleExample,16,Cheating,Opinion Costs,-10.0
ArtSimpleExample,16,Cheating,Client Earnings,100.0
ArtSimpleExample,16,Next,Opinion-Sensing Costs,-180.00000000000009
ArtSimpleExample,16,Next,Opinion Costs,-60.0
ArtSimpleExample,16,Next,Client Earnings,400.0
ArtSimpleExample,16,Next,Certainty Earnings,22.0
ArtSimpleExample,16,Next,Opinion Earnings,540.0
ArtSimpleExample,16,FordPrefect,Opinion-Sensing Costs,-132.0
ArtSimpleExample,16,FordPrefect,Opinion Costs,-340.0
ArtSimpleExample,16,FordPrefect,Client Earnings,3100.0
ArtSimpleExample,16,FordPrefect,Certainty Earnings,24.0
ArtSimpleExample,16,FordPrefect,Opinion Earnings,330.0
ArtSimpleExample,16,ForTrust,Opinion-Sensing Costs,-78.0
ArtSimpleExample,16,ForTrust,Opinion Costs,-410.0
ArtSimpleExample,16,ForTrust,Certainty Costs,-12.0
ArtSimpleExample,16,ForTrust,Client Earnings,2400.0
ArtSimpleExample,16,ForTrust,Opinion Earnings,260.0
ArtSimpleExample,16,Connected,Opinion-Sensing Costs,-165.99084249084248
ArtSimpleExample,16,Connected,Opinion Costs,-320.0
ArtSimpleExample,16,Connected,Certainty Costs,-80.0
ArtSimpleExample,16,Connected,Client Earnings,2800.0
ArtSimpleExample,16,Connected,Certainty Earnings,2.0
ArtSimpleExample,16,Connected,Opinion Earnings,280.0
ArtSimpleExample,16,Honest,Opinion-Sensing Costs,-216.0
ArtSimpleExample,16,Honest,Opinion Costs,-150.0
ArtSimpleExample,16,Honest,Client Earnings,1500.0
ArtSimpleExample,16,Honest,Certainty Earnings,22.0
ArtSimpleExample,16,Honest,Opinion Earnings,270.0
ArtSimpleExample,16,Uno,Opinion-Sensing Costs,-100.0
ArtSimpleExample,16,Uno,Opinion Costs,-640.0
ArtSimpleExample,16,Uno,Client Earnings,3700.0
ArtSimpleExample,16,Uno,Certainty Earnings,22.0
ArtSimpleExample,16,Uno,Opinion Earnings,250.0
ArtSimpleExample,17,Cheating,Opinion-Sensing Costs,-0.0010
ArtSimpleExample,17,Cheating,Opinion Costs,-130.0
ArtSimpleExample,17,Cheating,Client Earnings,1400.0
ArtSimpleExample,17,Cheating,Opinion Earnings,10.0
ArtSimpleExample,17,Next,Opinion-Sensing Costs,-50.00000000000001
ArtSimpleExample,17,Next,Opinion Costs,-320.0
ArtSimpleExample,17,Next,Client Earnings,2200.0
ArtSimpleExample,17,Next,Certainty Earnings,2.0
ArtSimpleExample,17,Next,Opinion Earnings,150.0
ArtSimpleExample,17,FordPrefect,Opinion-Sensing Costs,-111.0
ArtSimpleExample,17,FordPrefect,Opinion Costs,-210.0
ArtSimpleExample,17,FordPrefect,Client Earnings,2000.0
ArtSimpleExample,17,FordPrefect,Certainty Earnings,2.0
ArtSimpleExample,17,FordPrefect,Opinion Earnings,300.0
ArtSimpleExample,17,ForTrust,Opinion-Sensing Costs,-110.0
ArtSimpleExample,17,ForTrust,Opinion Costs,-260.0
ArtSimpleExample,17,ForTrust,Certainty Costs,-14.0
ArtSimpleExample,17,ForTrust,Client Earnings,1600.0
ArtSimpleExample,17,ForTrust,Certainty Earnings,20.0
ArtSimpleExample,17,ForTrust,Opinion Earnings,400.0
ArtSimpleExample,17,Connected,Opinion-Sensing Costs,-132.66923719555297
ArtSimpleExample,17,Connected,Opinion Costs,-260.0
ArtSimpleExample,17,Connected,Certainty Costs,-20.0
ArtSimpleExample,17,Connected,Client Earnings,2300.0
ArtSimpleExample,17,Connected,Certainty Earnings,4.0
ArtSimpleExample,17,Connected,Opinion Earnings,280.0
ArtSimpleExample,17,Honest,Opinion-Sensing Costs,-320.01
ArtSimpleExample,17,Honest,Opinion Costs,-170.0
ArtSimpleExample,17,Honest,Client Earnings,1700.0
ArtSimpleExample,17,Honest,Certainty Earnings,4.0
ArtSimpleExample,17,Honest,Opinion Earnings,410.0
ArtSimpleExample,17,Uno,Opinion-Sensing Costs,-108.0
ArtSimpleExample,17,Uno,Opinion Costs,-470.0
ArtSimpleExample,17,Uno,Client Earnings,2700.0
ArtSimpleExample,17,Uno,Certainty Earnings,2.0
ArtSimpleExample,17,Uno,Opinion Earnings,270.0
ArtSimpleExample,18,Cheating,Opinion Costs,-20.0
ArtSimpleExample,18,Cheating,Client Earnings,300.0
ArtSimpleExample,18,Next,Opinion-Sensing Costs,-89.99999999999999
ArtSimpleExample,18,Next,Opinion Costs,-50.0
ArtSimpleExample,18,Next,Client Earnings,400.0
ArtSimpleExample,18,Next,Certainty Earnings,20.0
ArtSimpleExample,18,Next,Opinion Earnings,270.0
ArtSimpleExample,18,FordPrefect,Opinion-Sensing Costs,-164.0
ArtSimpleExample,18,FordPrefect,Opinion Costs,-310.0
ArtSimpleExample,18,FordPrefect,Client Earnings,3100.0
ArtSimpleExample,18,FordPrefect,Certainty Earnings,2.0
ArtSimpleExample,18,FordPrefect,Opinion Earnings,410.0
ArtSimpleExample,18,FordPrefect,Reputation Earnings,1.0
ArtSimpleExample,18,ForTrust,Opinion-Sensing Costs,-42.0
ArtSimpleExample,18,ForTrust,Opinion Costs,-350.0
ArtSimpleExample,18,ForTrust,Certainty Costs,-10.0
ArtSimpleExample,18,ForTrust,Client Earnings,1900.0
ArtSimpleExample,18,ForTrust,Certainty Earnings,20.0
ArtSimpleExample,18,ForTrust,Opinion Earnings,140.0
ArtSimpleExample,18,ForTrust,Reputation Earnings,1.0
ArtSimpleExample,18,Connected,Opinion-Sensing Costs,-117.20163170163171
ArtSimpleExample,18,Connected,Opinion Costs,-330.0
ArtSimpleExample,18,Connected,Certainty Costs,-80.0
ArtSimpleExample,18,Connected,Client Earnings,3300.0
ArtSimpleExample,18,Connected,Certainty Earnings,2.0
ArtSimpleExample,18,Connected,Opinion Earnings,240.0
ArtSimpleExample,18,Connected,Reputation Earnings,1.0
ArtSimpleExample,18,Honest,Opinion-Sensing Costs,-304.0
ArtSimpleExample,18,Honest,Opinion Costs,-150.0
ArtSimpleExample,18,Honest,Client Earnings,1500.0
ArtSimpleExample,18,Honest,Certainty Earnings,24.0
ArtSimpleExample,18,Honest,Opinion Earnings,380.0
ArtSimpleExample,18,Uno,Opinion-Sensing Costs,-132.0
ArtSimpleExample,18,Uno,Reputation Costs,-3.0
ArtSimpleExample,18,Uno,Opinion Costs,-570.0
ArtSimpleExample,18,Uno,Client Earnings,3500.0
ArtSimpleExample,18,Uno,Certainty Earnings,22.0
ArtSimpleExample,18,Uno,Opinion Earnings,340.0
ArtSimpleExample,19,Cheating,Opinion Costs,-160.0
ArtSimpleExample,19,Cheating,Client Earnings,1900.0
ArtSimpleExample,19,Next,Opinion-Sensing Costs,-150.0
ArtSimpleExample,19,Next,Opinion Costs,-270.0
ArtSimpleExample,19,Next,Client Earnings,2100.0
ArtSimpleExample,19,Next,Certainty Earnings,2.0
ArtSimpleExample,19,Next,Opinion Earnings,450.0
ArtSimpleExample,19,FordPrefect,Opinion-Sensing Costs,-99.0
ArtSimpleExample,19,FordPrefect,Opinion Costs,-300.0
ArtSimpleExample,19,FordPrefect,Client Earnings,3000.0
ArtSimpleExample,19,FordPrefect,Certainty Earnings,22.0
ArtSimpleExample,19,FordPrefect,Opinion Earnings,260.0
ArtSimpleExample,19,ForTrust,Opinion-Sensing Costs,-66.5
ArtSimpleExample,19,ForTrust,Opinion Costs,-350.0
ArtSimpleExample,19,ForTrust,Certainty Costs,-8.0
ArtSimpleExample,19,ForTrust,Client Earnings,1900.0
ArtSimpleExample,19,ForTrust,Opinion Earnings,230.0
ArtSimpleExample,19,Connected,Opinion-Sensing Costs,-180.29892037786774
ArtSimpleExample,19,Connected,Opinion Costs,-190.0
ArtSimpleExample,19,Connected,Certainty Costs,-20.0
ArtSimpleExample,19,Connected,Client Earnings,1600.0
ArtSimpleExample,19,Connected,Certainty Earnings,2.0
ArtSimpleExample,19,Connected,Opinion Earnings,260.0
ArtSimpleExample,19,Honest,Opinion-Sensing Costs,-224.04
ArtSimpleExample,19,Honest,Opinion Costs,-140.0
ArtSimpleExample,19,Honest,Client Earnings,1400.0
ArtSimpleExample,19,Honest,Opinion Earnings,320.0
ArtSimpleExample,19,Uno,Opinion-Sensing Costs,-93.0
ArtSimpleExample,19,Uno,Opinion Costs,-340.0
ArtSimpleExample,19,Uno,Client Earnings,2100.0
ArtSimpleExample,19,Uno,Certainty Earnings,2.0
ArtSimpleExample,19,Uno,Opinion Earnings,230.0
ArtSimpleExample,20,Cheating,Opinion-Sensing Costs,-0.0010
ArtSimpleExample,20,Cheating,Opinion Costs,-30.0
ArtSimpleExample,20,Cheating,Client Earnings,300.0
ArtSimpleExample,20,Cheating,Opinion Earnings,10.0
ArtSimpleExample,20,Next,Opinion-Sensing Costs,-123.33333333333327
ArtSimpleExample,20,Next,Opinion Costs,-270.0
ArtSimpleExample,20,Next,Client Earnings,2000.0
ArtSimpleExample,20,Next,Certainty Earnings,26.0
ArtSimpleExample,20,Next,Opinion Earnings,370.0
ArtSimpleExample,20,FordPrefect,Opinion-Sensing Costs,-132.0
ArtSimpleExample,20,FordPrefect,Opinion Costs,-220.0
ArtSimpleExample,20,FordPrefect,Client Earnings,2200.0
ArtSimpleExample,20,FordPrefect,Certainty Earnings,24.0
ArtSimpleExample,20,FordPrefect,Opinion Earnings,330.0
ArtSimpleExample,20,ForTrust,Opinion-Sensing Costs,-72.5
ArtSimpleExample,20,ForTrust,Opinion Costs,-600.0
ArtSimpleExample,20,ForTrust,Certainty Costs,-14.0
ArtSimpleExample,20,ForTrust,Client Earnings,3300.0
ArtSimpleExample,20,ForTrust,Certainty Earnings,20.0
ArtSimpleExample,20,ForTrust,Opinion Earnings,250.0
ArtSimpleExample,20,Connected,Opinion-Sensing Costs,-194.98592197276412
ArtSimpleExample,20,Connected,Opinion Costs,-230.0
ArtSimpleExample,20,Connected,Certainty Costs,-80.0
ArtSimpleExample,20,Connected,Client Earnings,2200.0
ArtSimpleExample,20,Connected,Opinion Earnings,320.0
ArtSimpleExample,20,Honest,Opinion-Sensing Costs,-192.0
ArtSimpleExample,20,Honest,Opinion Costs,-130.0
ArtSimpleExample,20,Honest,Client Earnings,1300.0
ArtSimpleExample,20,Honest,Certainty Earnings,20.0
ArtSimpleExample,20,Honest,Opinion Earnings,240.0
ArtSimpleExample,20,Uno,Opinion-Sensing Costs,-134.0
ArtSimpleExample,20,Uno,Opinion Costs,-400.0
ArtSimpleExample,20,Uno,Client Earnings,2700.0
ArtSimpleExample,20,Uno,Certainty Earnings,4.0
ArtSimpleExample,20,Uno,Opinion Earnings,360.0
ArtSimpleExample,21,Cheating,Opinion Costs,-190.0
ArtSimpleExample,21,Cheating,Client Earnings,2200.0
ArtSimpleExample,21,Next,Opinion-Sensing Costs,-99.99999999999997
ArtSimpleExample,21,Next,Opinion Costs,-40.0
ArtSimpleExample,21,Next,Client Earnings,300.0
ArtSimpleExample,21,Next,Certainty Earnings,2.0
ArtSimpleExample,21,Next,Opinion Earnings,300.0
ArtSimpleExample,21,FordPrefect,Opinion-Sensing Costs,-79.0
ArtSimpleExample,21,FordPrefect,Opinion Costs,-310.0
ArtSimpleExample,21,FordPrefect,Client Earnings,3100.0
ArtSimpleExample,21,FordPrefect,Opinion Earnings,210.0
ArtSimpleExample,21,ForTrust,Opinion-Sensing Costs,-53.0
ArtSimpleExample,21,ForTrust,Opinion Costs,-440.0
ArtSimpleExample,21,ForTrust,Certainty Costs,-4.0
ArtSimpleExample,21,ForTrust,Client Earnings,2300.0
ArtSimpleExample,21,ForTrust,Opinion Earnings,210.0
ArtSimpleExample,21,Connected,Opinion-Sensing Costs,-118.74578053525423
ArtSimpleExample,21,Connected,Opinion Costs,-250.0
ArtSimpleExample,21,Connected,Certainty Costs,-20.0
ArtSimpleExample,21,Connected,Client Earnings,2400.0
ArtSimpleExample,21,Connected,Certainty Earnings,2.0
ArtSimpleExample,21,Connected,Opinion Earnings,220.0
ArtSimpleExample,21,Honest,Opinion-Sensing Costs,-248.03
ArtSimpleExample,21,Honest,Opinion Costs,-130.0
ArtSimpleExample,21,Honest,Client Earnings,1300.0
ArtSimpleExample,21,Honest,Opinion Earnings,340.0
ArtSimpleExample,21,Uno,Opinion-Sensing Costs,-154.0
ArtSimpleExample,21,Uno,Opinion Costs,-300.0
ArtSimpleExample,21,Uno,Client Earnings,2400.0
ArtSimpleExample,21,Uno,Certainty Earnings,20.0
ArtSimpleExample,21,Uno,Opinion Earnings,380.0
ArtSimpleExample,22,Cheating,Opinion Costs,-10.0
ArtSimpleExample,22,Cheating,Client Earnings,400.0
ArtSimpleExample,22,Next,Opinion-Sensing Costs,-60.000000000000014
ArtSimpleExample,22,Next,Opinion Costs,-380.0
ArtSimpleExample,22,Next,Client Earnings,3400.0
ArtSimpleExample,22,Next,Certainty Earnings,20.0
ArtSimpleExample,22,Next,Opinion Earnings,180.0
ArtSimpleExample,22,FordPrefect,Opinion-Sensing Costs,-140.0
ArtSimpleExample,22,FordPrefect,Opinion Costs,-190.0
ArtSimpleExample,22,FordPrefect,Client Earnings,1900.0
ArtSimpleExample,22,FordPrefect,Certainty Earnings,20.0
ArtSimpleExample,22,FordPrefect,Opinion Earnings,350.0
ArtSimpleExample,22,ForTrust,Opinion-Sensing Costs,-117.0
ArtSimpleExample,22,ForTrust,Opinion Costs,-370.0
ArtSimpleExample,22,ForTrust,Certainty Costs,-2.0
ArtSimpleExample,22,ForTrust,Client Earnings,2200.0
ArtSimpleExample,22,ForTrust,Opinion Earnings,390.0
ArtSimpleExample,22,Connected,Opinion-Sensing Costs,-164.27375256322625
ArtSimpleExample,22,Connected,Opinion Costs,-270.0
ArtSimpleExample,22,Connected,Certainty Costs,-80.0
ArtSimpleExample,22,Connected,Client Earnings,2300.0
ArtSimpleExample,22,Connected,Opinion Earnings,260.0
ArtSimpleExample,22,Honest,Opinion-Sensing Costs,-232.01
ArtSimpleExample,22,Honest,Opinion Costs,-120.0
ArtSimpleExample,22,Honest,Client Earnings,1200.0
ArtSimpleExample,22,Honest,Certainty Earnings,22.0
ArtSimpleExample,22,Honest,Opinion Earnings,300.0
ArtSimpleExample,22,Uno,Opinion-Sensing Costs,-88.0
ArtSimpleExample,22,Uno,Opinion Costs,-400.0
ArtSimpleExample,22,Uno,Client Earnings,2600.0
ArtSimpleExample,22,Uno,Certainty Earnings,20.0
ArtSimpleExample,22,Uno,Opinion Earnings,260.0
ArtSimpleExample,23,Cheating,Opinion-Sensing Costs,-0.0010
ArtSimpleExample,23,Cheating,Opinion Costs,-10.0
ArtSimpleExample,23,Cheating,Client Earnings,100.0
ArtSimpleExample,23,Cheating,Opinion Earnings,10.0
ArtSimpleExample,23,Next,Opinion-Sensing Costs,-80.0
ArtSimpleExample,23,Next,Opinion Costs,-390.0
ArtSimpleExample,23,Next,Client Earnings,3100.0
ArtSimpleExample,23,Next,Certainty Earnings,2.0
ArtSimpleExample,23,Next,Opinion Earnings,240.0
ArtSimpleExample,23,FordPrefect,Opinion-Sensing Costs,-116.0
ArtSimpleExample,23,FordPrefect,Opinion Costs,-260.0
ArtSimpleExample,23,FordPrefect,Client Earnings,2600.0
ArtSimpleExample,23,FordPrefect,Certainty Earnings,2.0
ArtSimpleExample,23,FordPrefect,Opinion Earnings,290.0
ArtSimpleExample,23,ForTrust,Opinion-Sensing Costs,-102.0
ArtSimpleExample,23,ForTrust,Opinion Costs,-410.0
ArtSimpleExample,23,ForTrust,Certainty Costs,-14.0
ArtSimpleExample,23,ForTrust,Client Earnings,2100.0
ArtSimpleExample,23,ForTrust,Certainty Earnings,20.0
ArtSimpleExample,23,ForTrust,Opinion Earnings,340.0
ArtSimpleExample,23,Connected,Opinion-Sensing Costs,-68.23809523809526
ArtSimpleExample,23,Connected,Opinion Costs,-240.0
ArtSimpleExample,23,Connected,Certainty Costs,-20.0
ArtSimpleExample,23,Connected,Client Earnings,2400.0
ArtSimpleExample,23,Connected,Certainty Earnings,6.0
ArtSimpleExample,23,Connected,Opinion Earnings,160.0
ArtSimpleExample,23,Honest,Opinion-Sensing Costs,-296.0
ArtSimpleExample,23,Honest,Opinion Costs,-110.0
ArtSimpleExample,23,Honest,Client Earnings,1100.0
ArtSimpleExample,23,Honest,Opinion Earnings,370.0
ArtSimpleExample,23,Uno,Opinion-Sensing Costs,-133.0
ArtSimpleExample,23,Uno,Opinion Costs,-370.0
ArtSimpleExample,23,Uno,Client Earnings,2600.0
ArtSimpleExample,23,Uno,Certainty Earnings,4.0
ArtSimpleExample,23,Uno,Opinion Earnings,380.0
ArtSimpleExample,24,Cheating,Opinion Costs,-510.0
ArtSimpleExample,24,Cheating,Client Earnings,5100.0
ArtSimpleExample,24,Next,Opinion-Sensing Costs,-53.33333333333334
ArtSimpleExample,24,Next,Opinion Costs,-130.0
ArtSimpleExample,24,Next,Client Earnings,800.0
ArtSimpleExample,24,Next,Certainty Earnings,20.0
ArtSimpleExample,24,Next,Opinion Earnings,160.0
ArtSimpleExample,24,FordPrefect,Opinion-Sensing Costs,-120.0
ArtSimpleExample,24,FordPrefect,Opinion Costs,-180.0
ArtSimpleExample,24,FordPrefect,Client Earnings,1800.0
ArtSimpleExample,24,FordPrefect,Certainty Earnings,24.0
ArtSimpleExample,24,FordPrefect,Opinion Earnings,330.0
ArtSimpleExample,24,ForTrust,Opinion-Sensing Costs,-60.0
ArtSimpleExample,24,ForTrust,Opinion Costs,-320.0
ArtSimpleExample,24,ForTrust,Certainty Costs,-10.0
ArtSimpleExample,24,ForTrust,Client Earnings,1800.0
ArtSimpleExample,24,ForTrust,Certainty Earnings,20.0
ArtSimpleExample,24,ForTrust,Opinion Earnings,300.0
ArtSimpleExample,24,Connected,Opinion-Sensing Costs,-63.60976966239024
ArtSimpleExample,24,Connected,Opinion Costs,-200.0
ArtSimpleExample,24,Connected,Certainty Costs,-80.0
ArtSimpleExample,24,Connected,Client Earnings,1800.0
ArtSimpleExample,24,Connected,Opinion Earnings,240.0
ArtSimpleExample,24,Honest,Opinion-Sensing Costs,-248.03
ArtSimpleExample,24,Honest,Opinion Costs,-110.0
ArtSimpleExample,24,Honest,Client Earnings,1100.0
ArtSimpleExample,24,Honest,Certainty Earnings,4.0
ArtSimpleExample,24,Honest,Opinion Earnings,340.0
ArtSimpleExample,24,Uno,Opinion-Sensing Costs,-133.0
ArtSimpleExample,24,Uno,Opinion Costs,-270.0
ArtSimpleExample,24,Uno,Client Earnings,1600.0
ArtSimpleExample,24,Uno,Certainty Earnings,22.0
ArtSimpleExample,24,Uno,Opinion Earnings,350.0
ArtSimpleExample,25,Cheating,Opinion-Sensing Costs,-0.0010
ArtSimpleExample,25,Cheating,Opinion Costs,-50.0
ArtSimpleExample,25,Cheating,Client Earnings,500.0
ArtSimpleExample,25,Cheating,Opinion Earnings,10.0
ArtSimpleExample,25,Next,Opinion-Sensing Costs,-73.33333333333334
ArtSimpleExample,25,Next,Opinion Costs,-210.0
ArtSimpleExample,25,Next,Client Earnings,1800.0
ArtSimpleExample,25,Next,Opinion Earnings,220.0
ArtSimpleExample,25,FordPrefect,Opinion-Sensing Costs,-171.0
ArtSimpleExample,25,FordPrefect,Opinion Costs,-240.0
ArtSimpleExample,25,FordPrefect,Client Earnings,2400.0
ArtSimpleExample,25,FordPrefect,Opinion Earnings,430.0
ArtSimpleExample,25,ForTrust,Opinion-Sensing Costs,-57.0
ArtSimpleExample,25,ForTrust,Opinion Costs,-440.0
ArtSimpleExample,25,ForTrust,Certainty Costs,-8.0
ArtSimpleExample,25,ForTrust,Client Earnings,2300.0
ArtSimpleExample,25,ForTrust,Opinion Earnings,190.0
ArtSimpleExample,25,Connected,Opinion-Sensing Costs,-93.2642114747358
ArtSimpleExample,25,Connected,Opinion Costs,-280.0
ArtSimpleExample,25,Connected,Certainty Costs,-20.0
ArtSimpleExample,25,Connected,Client Earnings,2700.0
ArtSimpleExample,25,Connected,Certainty Earnings,4.0
ArtSimpleExample,25,Connected,Opinion Earnings,210.0
ArtSimpleExample,25,Honest,Opinion-Sensing Costs,-368.02
ArtSimpleExample,25,Honest,Opinion Costs,-230.0
ArtSimpleExample,25,Honest,Client Earnings,2300.0
ArtSimpleExample,25,Honest,Certainty Earnings,22.0
ArtSimpleExample,25,Honest,Opinion Earnings,480.0
ArtSimpleExample,25,Uno,Opinion-Sensing Costs,-86.0
ArtSimpleExample,25,Uno,Opinion Costs,-320.0
ArtSimpleExample,25,Uno,Client Earnings,1900.0
ArtSimpleExample,25,Uno,Certainty Earnings,2.0
ArtSimpleExample,25,Uno,Opinion Earnings,230.0
ArtSimpleExample,26,Cheating,Opinion Costs,-10.0
ArtSimpleExample,26,Cheating,Client Earnings,100.0
ArtSimpleExample,26,Next,Opinion-Sensing Costs,-86.66666666666666
ArtSimpleExample,26,Next,Opinion Costs,-50.0
ArtSimpleExample,26,Next,Client Earnings,500.0
ArtSimpleExample,26,Next,Certainty Earnings,22.0
ArtSimpleExample,26,Next,Opinion Earnings,260.0
ArtSimpleExample,26,FordPrefect,Opinion-Sensing Costs,-92.0
ArtSimpleExample,26,FordPrefect,Opinion Costs,-230.0
ArtSimpleExample,26,FordPrefect,Client Earnings,2300.0
ArtSimpleExample,26,FordPrefect,Certainty Earnings,22.0
ArtSimpleExample,26,FordPrefect,Opinion Earnings,230.0
ArtSimpleExample,26,ForTrust,Opinion-Sensing Costs,-120.5
ArtSimpleExample,26,ForTrust,Opinion Costs,-500.0
ArtSimpleExample,26,ForTrust,Certainty Costs,-14.0
ArtSimpleExample,26,ForTrust,Client Earnings,2600.0
ArtSimpleExample,26,ForTrust,Certainty Earnings,20.0
ArtSimpleExample,26,ForTrust,Opinion Earnings,410.0
ArtSimpleExample,26,Connected,Opinion-Sensing Costs,-157.45560871876665
ArtSimpleExample,26,Connected,Opinion Costs,-310.0
ArtSimpleExample,26,Connected,Certainty Costs,-80.0
ArtSimpleExample,26,Connected,Client Earnings,2900.0
ArtSimpleExample,26,Connected,Certainty Earnings,2.0
ArtSimpleExample,26,Connected,Opinion Earnings,280.0
ArtSimpleExample,26,Honest,Opinion-Sensing Costs,-400.0
ArtSimpleExample,26,Honest,Opinion Costs,-260.0
ArtSimpleExample,26,Honest,Client Earnings,2600.0
ArtSimpleExample,26,Honest,Certainty Earnings,6.0
ArtSimpleExample,26,Honest,Opinion Earnings,500.0
ArtSimpleExample,26,Uno,Opinion-Sensing Costs,-65.0
ArtSimpleExample,26,Uno,Opinion Costs,-500.0
ArtSimpleExample,26,Uno,Client Earnings,3000.0
ArtSimpleExample,26,Uno,Certainty Earnings,22.0
ArtSimpleExample,26,Uno,Opinion Earnings,180.0
ArtSimpleExample,27,Cheating,Opinion Costs,-60.0
ArtSimpleExample,27,Cheating,Client Earnings,600.0
ArtSimpleExample,27,Next,Opinion-Sensing Costs,-113.33333333333329
ArtSimpleExample,27,Next,Opinion Costs,-390.0
ArtSimpleExample,27,Next,Client Earnings,3100.0
ArtSimpleExample,27,Next,Opinion Earnings,340.0
ArtSimpleExample,27,FordPrefect,Opinion-Sensing Costs,-96.0
ArtSimpleExample,27,FordPrefect,Opinion Costs,-270.0
ArtSimpleExample,27,FordPrefect,Client Earnings,2700.0
ArtSimpleExample,27,FordPrefect,Certainty Earnings,2.0
ArtSimpleExample,27,FordPrefect,Opinion Earnings,240.0
ArtSimpleExample,27,ForTrust,Opinion-Sensing Costs,-65.0
ArtSimpleExample,27,ForTrust,Opinion Costs,-410.0
ArtSimpleExample,27,ForTrust,Certainty Costs,-6.0
ArtSimpleExample,27,ForTrust,Client Earnings,2200.0
ArtSimpleExample,27,ForTrust,Opinion Earnings,250.0
ArtSimpleExample,27,Connected,Opinion-Sensing Costs,-159.37246963562754
ArtSimpleExample,27,Connected,Opinion Costs,-210.0
ArtSimpleExample,27,Connected,Certainty Costs,-20.0
ArtSimpleExample,27,Connected,Client Earnings,2000.0
ArtSimpleExample,27,Connected,Opinion Earnings,210.0
ArtSimpleExample,27,Honest,Opinion-Sensing Costs,-328.1199999999999
ArtSimpleExample,27,Honest,Opinion Costs,-110.0
ArtSimpleExample,27,Honest,Client Earnings,1100.0
ArtSimpleExample,27,Honest,Certainty Earnings,20.0
ArtSimpleExample,27,Honest,Opinion Earnings,530.0
ArtSimpleExample,27,Uno,Opinion-Sensing Costs,-115.0
ArtSimpleExample,27,Uno,Opinion Costs,-440.0
ArtSimpleExample,27,Uno,Client Earnings,2300.0
ArtSimpleExample,27,Uno,Certainty Earnings,4.0
ArtSimpleExample,27,Uno,Opinion Earnings,320.0
ArtSimpleExample,28,Cheating,Opinion-Sensing Costs,-0.0010
ArtSimpleExample,28,Cheating,Opinion Costs,-40.0
ArtSimpleExample,28,Cheating,Client Earnings,600.0
ArtSimpleExample,28,Cheating,Opinion Earnings,10.0
ArtSimpleExample,28,Next,Opinion-Sensing Costs,-96.66666666666664
ArtSimpleExample,28,Next,Opinion Costs,-330.0
ArtSimpleExample,28,Next,Client Earnings,2500.0
ArtSimpleExample,28,Next,Certainty Earnings,24.0
ArtSimpleExample,28,Next,Opinion Earnings,290.0
ArtSimpleExample,28,FordPrefect,Opinion-Sensing Costs,-36.0
ArtSimpleExample,28,FordPrefect,Opinion Costs,-250.0
ArtSimpleExample,28,FordPrefect,Client Earnings,2500.0
ArtSimpleExample,28,FordPrefect,Certainty Earnings,20.0
ArtSimpleExample,28,FordPrefect,Opinion Earnings,90.0
ArtSimpleExample,28,ForTrust,Opinion-Sensing Costs,-78.0
ArtSimpleExample,28,ForTrust,Opinion Costs,-40.0
ArtSimpleExample,28,ForTrust,Certainty Costs,-6.0
ArtSimpleExample,28,ForTrust,Client Earnings,300.0
ArtSimpleExample,28,ForTrust,Certainty Earnings,20.0
ArtSimpleExample,28,ForTrust,Opinion Earnings,260.0
ArtSimpleExample,28,Connected,Opinion-Sensing Costs,-66.97653223969013
ArtSimpleExample,28,Connected,Opinion Costs,-320.0
ArtSimpleExample,28,Connected,Certainty Costs,-80.0
ArtSimpleExample,28,Connected,Client Earnings,3200.0
ArtSimpleExample,28,Connected,Certainty Earnings,2.0
ArtSimpleExample,28,Connected,Opinion Earnings,140.0
ArtSimpleExample,28,Honest,Opinion-Sensing Costs,-344.01
ArtSimpleExample,28,Honest,Opinion Costs,-210.0
ArtSimpleExample,28,Honest,Client Earnings,2100.0
ArtSimpleExample,28,Honest,Opinion Earnings,440.0
ArtSimpleExample,28,Uno,Opinion-Sensing Costs,-130.0
ArtSimpleExample,28,Uno,Opinion Costs,-410.0
ArtSimpleExample,28,Uno,Client Earnings,2800.0
ArtSimpleExample,28,Uno,Certainty Earnings,20.0
ArtSimpleExample,28,Uno,Opinion Earnings,370.0
ArtSimpleExample,29,Cheating,Opinion Costs,-30.0
ArtSimpleExample,29,Cheating,Client Earnings,300.0
ArtSimpleExample,29,Next,Opinion-Sensing Costs,-136.66666666666663
ArtSimpleExample,29,Next,Opinion Costs,-160.0
ArtSimpleExample,29,Next,Client Earnings,1200.0
ArtSimpleExample,29,Next,Certainty Earnings,4.0
ArtSimpleExample,29,Next,Opinion Earnings,410.0
ArtSimpleExample,29,FordPrefect,Opinion-Sensing Costs,-83.0
ArtSimpleExample,29,FordPrefect,Opinion Costs,-290.0
ArtSimpleExample,29,FordPrefect,Client Earnings,2900.0
ArtSimpleExample,29,FordPrefect,Certainty Earnings,10.0
ArtSimpleExample,29,FordPrefect,Opinion Earnings,240.0
ArtSimpleExample,29,ForTrust,Opinion-Sensing Costs,-51.5
ArtSimpleExample,29,ForTrust,Opinion Costs,-440.0
ArtSimpleExample,29,ForTrust,Certainty Costs,-18.0
ArtSimpleExample,29,ForTrust,Client Earnings,2900.0
ArtSimpleExample,29,ForTrust,Opinion Earnings,180.0
ArtSimpleExample,29,Connected,Opinion-Sensing Costs,-168.89097744360905
ArtSimpleExample,29,Connected,Opinion Costs,-290.0
ArtSimpleExample,29,Connected,Certainty Costs,-20.0
ArtSimpleExample,29,Connected,Client Earnings,2900.0
ArtSimpleExample,29,Connected,Certainty Earnings,2.0
ArtSimpleExample,29,Connected,Opinion Earnings,250.0
ArtSimpleExample,29,Honest,Opinion-Sensing Costs,-288.01
ArtSimpleExample,29,Honest,Opinion Costs,-200.0
ArtSimpleExample,29,Honest,Client Earnings,2000.0
ArtSimpleExample,29,Honest,Certainty Earnings,20.0
ArtSimpleExample,29,Honest,Opinion Earnings,370.0
ArtSimpleExample,29,Uno,Opinion-Sensing Costs,-98.0
ArtSimpleExample,29,Uno,Opinion Costs,-310.0
ArtSimpleExample,29,Uno,Client Earnings,1700.0
ArtSimpleExample,29,Uno,Certainty Earnings,2.0
ArtSimpleExample,29,Uno,Opinion Earnings,270.0
ArtSimpleExample,30,Cheating,Opinion Costs,-20.0
ArtSimpleExample,30,Cheating,Client Earnings,200.0
ArtSimpleExample,30,Next,Opinion-Sensing Costs,-66.66666666666669
ArtSimpleExample,30,Next,Opinion Costs,-150.0
ArtSimpleExample,30,Next,Client Earnings,1400.0
ArtSimpleExample,30,Next,Certainty Earnings,22.0
ArtSimpleExample,30,Next,Opinion Earnings,200.0
ArtSimpleExample,30,FordPrefect,Opinion-Sensing Costs,-96.0
ArtSimpleExample,30,FordPrefect,Opinion Costs,-300.0
ArtSimpleExample,30,FordPrefect,Client Earnings,3000.0
ArtSimpleExample,30,FordPrefect,Certainty Earnings,20.0
ArtSimpleExample,30,FordPrefect,Opinion Earnings,240.0
ArtSimpleExample,30,ForTrust,Opinion-Sensing Costs,-63.0
ArtSimpleExample,30,ForTrust,Opinion Costs,-380.0
ArtSimpleExample,30,ForTrust,Certainty Costs,-6.0
ArtSimpleExample,30,ForTrust,Client Earnings,2300.0
ArtSimpleExample,30,ForTrust,Certainty Earnings,20.0
ArtSimpleExample,30,ForTrust,Opinion Earnings,210.0
ArtSimpleExample,30,Connected,Opinion-Sensing Costs,-211.3758346916242
ArtSimpleExample,30,Connected,Opinion Costs,-250.0
ArtSimpleExample,30,Connected,Certainty Costs,-80.0
ArtSimpleExample,30,Connected,Client Earnings,2500.0
ArtSimpleExample,30,Connected,Certainty Earnings,2.0
ArtSimpleExample,30,Connected,Opinion Earnings,330.0
ArtSimpleExample,30,Honest,Opinion-Sensing Costs,-360.01
ArtSimpleExample,30,Honest,Opinion Costs,-180.0
ArtSimpleExample,30,Honest,Client Earnings,1800.0
ArtSimpleExample,30,Honest,Certainty Earnings,20.0
ArtSimpleExample,30,Honest,Opinion Earnings,460.0
ArtSimpleExample,30,Uno,Opinion-Sensing Costs,-89.0
ArtSimpleExample,30,Uno,Opinion Costs,-400.0
ArtSimpleExample,30,Uno,Client Earnings,2800.0
ArtSimpleExample,30,Uno,Certainty Earnings,2.0
ArtSimpleExample,30,Uno,Opinion Earnings,240.0
ArtSimpleExample,31,Cheating,Opinion-Sensing Costs,-0.0010
ArtSimpleExample,31,Cheating,Opinion Costs,-20.0
ArtSimpleExample,31,Cheating,Client Earnings,200.0
ArtSimpleExample,31,Cheating,Opinion Earnings,10.0
ArtSimpleExample,31,Next,Opinion-Sensing Costs,-56.66666666666668
ArtSimpleExample,31,Next,Opinion Costs,-300.0
ArtSimpleExample,31,Next,Client Earnings,2400.0
ArtSimpleExample,31,Next,Certainty Earnings,2.0
ArtSimpleExample,31,Next,Opinion Earnings,170.0
ArtSimpleExample,31,FordPrefect,Opinion-Sensing Costs,-72.0
ArtSimpleExample,31,FordPrefect,Opinion Costs,-240.0
ArtSimpleExample,31,FordPrefect,Client Earnings,2400.0
ArtSimpleExample,31,FordPrefect,Certainty Earnings,2.0
ArtSimpleExample,31,FordPrefect,Opinion Earnings,180.0
ArtSimpleExample,31,ForTrust,Opinion-Sensing Costs,-72.0
ArtSimpleExample,31,ForTrust,Opinion Costs,-360.0
ArtSimpleExample,31,ForTrust,Certainty Costs,-8.0
ArtSimpleExample,31,ForTrust,Client Earnings,2500.0
ArtSimpleExample,31,ForTrust,Opinion Earnings,240.0
ArtSimpleExample,31,Connected,Opinion-Sensing Costs,-372.75172980435934
ArtSimpleExample,31,Connected,Opinion Costs,-230.0
ArtSimpleExample,31,Connected,Certainty Costs,-20.0
ArtSimpleExample,31,Connected,Client Earnings,2300.0
ArtSimpleExample,31,Connected,Certainty Earnings,4.0
ArtSimpleExample,31,Connected,Opinion Earnings,590.0
ArtSimpleExample,31,Honest,Opinion-Sensing Costs,-264.0
ArtSimpleExample,31,Honest,Opinion Costs,-220.0
ArtSimpleExample,31,Honest,Client Earnings,2200.0
ArtSimpleExample,31,Honest,Opinion Earnings,330.0
ArtSimpleExample,31,Uno,Opinion-Sensing Costs,-82.0
ArtSimpleExample,31,Uno,Opinion Costs,-360.0
ArtSimpleExample,31,Uno,Client Earnings,2000.0
ArtSimpleExample,31,Uno,Certainty Earnings,20.0
ArtSimpleExample,31,Uno,Opinion Earnings,210.0
ArtSimpleExample,32,Cheating,Opinion-Sensing Costs,-0.0010
ArtSimpleExample,32,Cheating,Opinion Costs,-10.0
ArtSimpleExample,32,Cheating,Client Earnings,100.0
ArtSimpleExample,32,Cheating,Opinion Earnings,10.0
ArtSimpleExample,32,Next,Opinion-Sensing Costs,-73.33333333333334
ArtSimpleExample,32,Next,Opinion Costs,-40.0
ArtSimpleExample,32,Next,Client Earnings,300.0
ArtSimpleExample,32,Next,Certainty Earnings,20.0
ArtSimpleExample,32,Next,Opinion Earnings,220.0
ArtSimpleExample,32,FordPrefect,Opinion-Sensing Costs,-88.0
ArtSimpleExample,32,FordPrefect,Opinion Costs,-340.0
ArtSimpleExample,32,FordPrefect,Client Earnings,3400.0
ArtSimpleExample,32,FordPrefect,Certainty Earnings,4.0
ArtSimpleExample,32,FordPrefect,Opinion Earnings,220.0
ArtSimpleExample,32,ForTrust,Opinion-Sensing Costs,-54.0
ArtSimpleExample,32,ForTrust,Opinion Costs,-390.0
ArtSimpleExample,32,ForTrust,Certainty Costs,-8.0
ArtSimpleExample,32,ForTrust,Client Earnings,2200.0
ArtSimpleExample,32,ForTrust,Certainty Earnings,20.0
ArtSimpleExample,32,ForTrust,Opinion Earnings,180.0
ArtSimpleExample,32,Connected,Opinion-Sensing Costs,-280.15656565656565
ArtSimpleExample,32,Connected,Opinion Costs,-330.0
ArtSimpleExample,32,Connected,Certainty Costs,-80.0
ArtSimpleExample,32,Connected,Client Earnings,3300.0
ArtSimpleExample,32,Connected,Certainty Earnings,2.0
ArtSimpleExample,32,Connected,Opinion Earnings,380.0
ArtSimpleExample,32,Honest,Opinion-Sensing Costs,-392.0
ArtSimpleExample,32,Honest,Opinion Costs,-170.0
ArtSimpleExample,32,Honest,Client Earnings,1700.0
ArtSimpleExample,32,Honest,Certainty Earnings,20.0
ArtSimpleExample,32,Honest,Opinion Earnings,490.0
ArtSimpleExample,32,Uno,Opinion-Sensing Costs,-81.0
ArtSimpleExample,32,Uno,Opinion Costs,-450.0
ArtSimpleExample,32,Uno,Client Earnings,3000.0
ArtSimpleExample,32,Uno,Certainty Earnings,22.0
ArtSimpleExample,32,Uno,Opinion Earnings,230.0
ArtSimpleExample,33,Cheating,Opinion Costs,-50.0
ArtSimpleExample,33,Cheating,Client Earnings,500.0
ArtSimpleExample,33,Next,Opinion-Sensing Costs,-109.99999999999996
ArtSimpleExample,33,Next,Opinion Costs,-10.0
ArtSimpleExample,33,Next,Client Earnings,100.0
ArtSimpleExample,33,Next,Certainty Earnings,2.0
ArtSimpleExample,33,Next,Opinion Earnings,330.0
ArtSimpleExample,33,FordPrefect,Opinion-Sensing Costs,-96.0
ArtSimpleExample,33,FordPrefect,Opinion Costs,-290.0
ArtSimpleExample,33,FordPrefect,Client Earnings,2900.0
ArtSimpleExample,33,FordPrefect,Certainty Earnings,20.0
ArtSimpleExample,33,FordPrefect,Opinion Earnings,240.0
ArtSimpleExample,33,ForTrust,Opinion-Sensing Costs,-60.5
ArtSimpleExample,33,ForTrust,Opinion Costs,-500.0
ArtSimpleExample,33,ForTrust,Certainty Costs,-12.0
ArtSimpleExample,33,ForTrust,Client Earnings,3000.0
ArtSimpleExample,33,ForTrust,Opinion Earnings,210.0
ArtSimpleExample,33,Connected,Opinion-Sensing Costs,-260.8487302171513
ArtSimpleExample,33,Connected,Opinion Costs,-260.0
ArtSimpleExample,33,Connected,Certainty Costs,-20.0
ArtSimpleExample,33,Connected,Client Earnings,2600.0
ArtSimpleExample,33,Connected,Certainty Earnings,4.0
ArtSimpleExample,33,Connected,Opinion Earnings,340.0
ArtSimpleExample,33,Honest,Opinion-Sensing Costs,-224.01999999999998
ArtSimpleExample,33,Honest,Opinion Costs,-160.0
ArtSimpleExample,33,Honest,Client Earnings,1600.0
ArtSimpleExample,33,Honest,Opinion Earnings,300.0
ArtSimpleExample,33,Uno,Opinion-Sensing Costs,-142.0
ArtSimpleExample,33,Uno,Opinion Costs,-520.0
ArtSimpleExample,33,Uno,Client Earnings,3300.0
ArtSimpleExample,33,Uno,Certainty Earnings,6.0
ArtSimpleExample,33,Uno,Opinion Earnings,370.0
ArtSimpleExample,34,Cheating,Opinion Costs,-10.0
ArtSimpleExample,34,Cheating,Client Earnings,100.0
ArtSimpleExample,34,Next,Opinion-Sensing Costs,-113.33333333333329
ArtSimpleExample,34,Next,Opinion Costs,-210.0
ArtSimpleExample,34,Next,Client Earnings,1900.0
ArtSimpleExample,34,Next,Certainty Earnings,22.0
ArtSimpleExample,34,Next,Opinion Earnings,340.0
ArtSimpleExample,34,FordPrefect,Opinion-Sensing Costs,-84.0
ArtSimpleExample,34,FordPrefect,Opinion Costs,-240.0
ArtSimpleExample,34,FordPrefect,Client Earnings,2400.0
ArtSimpleExample,34,FordPrefect,Opinion Earnings,210.0
ArtSimpleExample,34,ForTrust,Opinion-Sensing Costs,-99.0
ArtSimpleExample,34,ForTrust,Opinion Costs,-330.0
ArtSimpleExample,34,ForTrust,Certainty Costs,-4.0
ArtSimpleExample,34,ForTrust,Client Earnings,2200.0
ArtSimpleExample,34,ForTrust,Certainty Earnings,20.0
ArtSimpleExample,34,ForTrust,Opinion Earnings,330.0
ArtSimpleExample,34,Connected,Opinion-Sensing Costs,-236.34032634032638
ArtSimpleExample,34,Connected,Opinion Costs,-230.0
ArtSimpleExample,34,Connected,Certainty Costs,-80.0
ArtSimpleExample,34,Connected,Client Earnings,2300.0
ArtSimpleExample,34,Connected,Certainty Earnings,2.0
ArtSimpleExample,34,Connected,Opinion Earnings,310.0
ArtSimpleExample,34,Honest,Opinion-Sensing Costs,-240.01
ArtSimpleExample,34,Honest,Opinion Costs,-190.0
ArtSimpleExample,34,Honest,Client Earnings,1900.0
ArtSimpleExample,34,Honest,Certainty Earnings,20.0
ArtSimpleExample,34,Honest,Opinion Earnings,310.0
ArtSimpleExample,34,Uno,Opinion-Sensing Costs,-60.0
ArtSimpleExample,34,Uno,Opinion Costs,-440.0
ArtSimpleExample,34,Uno,Client Earnings,3200.0
ArtSimpleExample,34,Uno,Certainty Earnings,20.0
ArtSimpleExample,34,Uno,Opinion Earnings,150.0
ArtSimpleExample,35,Cheating,Opinion-Sensing Costs,-0.0010
ArtSimpleExample,35,Cheating,Client Earnings,100.0
ArtSimpleExample,35,Cheating,Opinion Earnings,10.0
ArtSimpleExample,35,Next,Opinion-Sensing Costs,-89.99999999999999
ArtSimpleExample,35,Next,Opinion Costs,-350.0
ArtSimpleExample,35,Next,Client Earnings,2800.0
ArtSimpleExample,35,Next,Opinion Earnings,270.0
ArtSimpleExample,35,FordPrefect,Opinion-Sensing Costs,-96.0
ArtSimpleExample,35,FordPrefect,Opinion Costs,-180.0
ArtSimpleExample,35,FordPrefect,Client Earnings,1800.0
ArtSimpleExample,35,FordPrefect,Certainty Earnings,20.0
ArtSimpleExample,35,FordPrefect,Opinion Earnings,240.0
ArtSimpleExample,35,ForTrust,Opinion-Sensing Costs,-84.0
ArtSimpleExample,35,ForTrust,Opinion Costs,-260.0
ArtSimpleExample,35,ForTrust,Client Earnings,2200.0
ArtSimpleExample,35,ForTrust,Opinion Earnings,280.0
ArtSimpleExample,35,Connected,Opinion-Sensing Costs,-280.36925647451966
ArtSimpleExample,35,Connected,Opinion Costs,-260.0
ArtSimpleExample,35,Connected,Certainty Costs,-20.0
ArtSimpleExample,35,Connected,Client Earnings,2600.0
ArtSimpleExample,35,Connected,Opinion Earnings,330.0
ArtSimpleExample,35,Honest,Opinion-Sensing Costs,-192.0
ArtSimpleExample,35,Honest,Opinion Costs,-150.0
ArtSimpleExample,35,Honest,Client Earnings,1500.0
ArtSimpleExample,35,Honest,Opinion Earnings,240.0
ArtSimpleExample,35,Uno,Opinion-Sensing Costs,-78.0
ArtSimpleExample,35,Uno,Opinion Costs,-400.0
ArtSimpleExample,35,Uno,Client Earnings,3000.0
ArtSimpleExample,35,Uno,Opinion Earnings,230.0
ArtSimpleExample,36,Cheating,Opinion-Sensing Costs,-0.0010
ArtSimpleExample,36,Cheating,Opinion Costs,-90.0
ArtSimpleExample,36,Cheating,Client Earnings,1200.0
ArtSimpleExample,36,Cheating,Opinion Earnings,10.0
ArtSimpleExample,36,Next,Opinion-Sensing Costs,-46.66666666666667
ArtSimpleExample,36,Next,Opinion Costs,-80.0
ArtSimpleExample,36,Next,Client Earnings,400.0
ArtSimpleExample,36,Next,Certainty Earnings,24.0
ArtSimpleExample,36,Next,Opinion Earnings,140.0
ArtSimpleExample,36,FordPrefect,Opinion-Sensing Costs,-86.0
ArtSimpleExample,36,FordPrefect,Opinion Costs,-280.0
ArtSimpleExample,36,FordPrefect,Client Earnings,2800.0
ArtSimpleExample,36,FordPrefect,Certainty Earnings,2.0
ArtSimpleExample,36,FordPrefect,Opinion Earnings,220.0
ArtSimpleExample,36,ForTrust,Opinion-Sensing Costs,-85.5
ArtSimpleExample,36,ForTrust,Opinion Costs,-340.0
ArtSimpleExample,36,ForTrust,Certainty Costs,-10.0
ArtSimpleExample,36,ForTrust,Client Earnings,2500.0
ArtSimpleExample,36,ForTrust,Certainty Earnings,20.0
ArtSimpleExample,36,ForTrust,Opinion Earnings,310.0
ArtSimpleExample,36,Connected,Opinion-Sensing Costs,-289.3782051282051
ArtSimpleExample,36,Connected,Opinion Costs,-240.0
ArtSimpleExample,36,Connected,Certainty Costs,-80.0
ArtSimpleExample,36,Connected,Client Earnings,2400.0
ArtSimpleExample,36,Connected,Certainty Earnings,2.0
ArtSimpleExample,36,Connected,Opinion Earnings,460.0
ArtSimpleExample,36,Honest,Opinion-Sensing Costs,-232.03
ArtSimpleExample,36,Honest,Opinion Costs,-140.0
ArtSimpleExample,36,Honest,Client Earnings,1400.0
ArtSimpleExample,36,Honest,Certainty Earnings,20.0
ArtSimpleExample,36,Honest,Opinion Earnings,320.0
ArtSimpleExample,36,Uno,Opinion-Sensing Costs,-48.0
ArtSimpleExample,36,Uno,Opinion Costs,-450.0
ArtSimpleExample,36,Uno,Client Earnings,3300.0
ArtSimpleExample,36,Uno,Certainty Earnings,22.0
ArtSimpleExample,36,Uno,Opinion Earnings,160.0
ArtSimpleExample,37,Cheating,Opinion Costs,-30.0
ArtSimpleExample,37,Cheating,Client Earnings,300.0
ArtSimpleExample,37,Next,Opinion-Sensing Costs,-86.66666666666666
ArtSimpleExample,37,Next,Opinion Costs,-20.0
ArtSimpleExample,37,Next,Client Earnings,100.0
ArtSimpleExample,37,Next,Certainty Earnings,4.0
ArtSimpleExample,37,Next,Opinion Earnings,260.0
ArtSimpleExample,37,FordPrefect,Opinion-Sensing Costs,-127.0
ArtSimpleExample,37,FordPrefect,Opinion Costs,-270.0
ArtSimpleExample,37,FordPrefect,Client Earnings,2700.0
ArtSimpleExample,37,FordPrefect,Certainty Earnings,26.0
ArtSimpleExample,37,FordPrefect,Opinion Earnings,320.0
ArtSimpleExample,37,ForTrust,Opinion-Sensing Costs,-117.0
ArtSimpleExample,37,ForTrust,Opinion Costs,-380.0
ArtSimpleExample,37,ForTrust,Certainty Costs,-12.0
ArtSimpleExample,37,ForTrust,Client Earnings,2500.0
ArtSimpleExample,37,ForTrust,Opinion Earnings,390.0
ArtSimpleExample,37,Connected,Opinion-Sensing Costs,-249.825134930397
ArtSimpleExample,37,Connected,Opinion Costs,-330.0
ArtSimpleExample,37,Connected,Certainty Costs,-20.0
ArtSimpleExample,37,Connected,Client Earnings,3300.0
ArtSimpleExample,37,Connected,Certainty Earnings,2.0
ArtSimpleExample,37,Connected,Opinion Earnings,370.0
ArtSimpleExample,37,Honest,Opinion-Sensing Costs,-152.0
ArtSimpleExample,37,Honest,Opinion Costs,-170.0
ArtSimpleExample,37,Honest,Client Earnings,1700.0
ArtSimpleExample,37,Honest,Opinion Earnings,190.0
ArtSimpleExample,37,Uno,Opinion-Sensing Costs,-71.0
ArtSimpleExample,37,Uno,Opinion Costs,-520.0
ArtSimpleExample,37,Uno,Client Earnings,3400.0
ArtSimpleExample,37,Uno,Opinion Earnings,190.0
ArtSimpleExample,38,Cheating,Opinion Costs,-10.0
ArtSimpleExample,38,Cheating,Client Earnings,100.0
ArtSimpleExample,38,Next,Opinion-Sensing Costs,-150.0
ArtSimpleExample,38,Next,Opinion Costs,-190.0
ArtSimpleExample,38,Next,Client Earnings,1200.0
ArtSimpleExample,38,Next,Certainty Earnings,20.0
ArtSimpleExample,38,Next,Opinion Earnings,450.0
ArtSimpleExample,38,FordPrefect,Opinion-Sensing Costs,-124.0
ArtSimpleExample,38,FordPrefect,Opinion Costs,-230.0
ArtSimpleExample,38,FordPrefect,Client Earnings,2300.0
ArtSimpleExample,38,FordPrefect,Certainty Earnings,22.0
ArtSimpleExample,38,FordPrefect,Opinion Earnings,310.0
ArtSimpleExample,38,ForTrust,Opinion-Sensing Costs,-102.0
ArtSimpleExample,38,ForTrust,Opinion Costs,-380.0
ArtSimpleExample,38,ForTrust,Certainty Costs,-8.0
ArtSimpleExample,38,ForTrust,Client Earnings,2400.0
ArtSimpleExample,38,ForTrust,Certainty Earnings,20.0
ArtSimpleExample,38,ForTrust,Opinion Earnings,340.0
ArtSimpleExample,38,Connected,Opinion-Sensing Costs,-133.91250662303193
ArtSimpleExample,38,Connected,Opinion Costs,-270.0
ArtSimpleExample,38,Connected,Certainty Costs,-80.0
ArtSimpleExample,38,Connected,Client Earnings,2700.0
ArtSimpleExample,38,Connected,Opinion Earnings,200.0
ArtSimpleExample,38,Honest,Opinion-Sensing Costs,-160.0
ArtSimpleExample,38,Honest,Opinion Costs,-220.0
ArtSimpleExample,38,Honest,Client Earnings,2200.0
ArtSimpleExample,38,Honest,Certainty Earnings,20.0
ArtSimpleExample,38,Honest,Opinion Earnings,200.0
ArtSimpleExample,38,Uno,Opinion-Sensing Costs,-105.0
ArtSimpleExample,38,Uno,Opinion Costs,-490.0
ArtSimpleExample,38,Uno,Client Earnings,3100.0
ArtSimpleExample,38,Uno,Certainty Earnings,6.0
ArtSimpleExample,38,Uno,Opinion Earnings,290.0
ArtSimpleExample,39,Cheating,Opinion Costs,-10.0
ArtSimpleExample,39,Cheating,Client Earnings,100.0
ArtSimpleExample,39,Next,Opinion-Sensing Costs,-80.0
ArtSimpleExample,39,Next,Opinion Costs,-320.0
ArtSimpleExample,39,Next,Client Earnings,2700.0
ArtSimpleExample,39,Next,Opinion Earnings,240.0
ArtSimpleExample,39,FordPrefect,Opinion-Sensing Costs,-136.0
ArtSimpleExample,39,FordPrefect,Opinion Costs,-190.0
ArtSimpleExample,39,FordPrefect,Client Earnings,1900.0
ArtSimpleExample,39,FordPrefect,Opinion Earnings,340.0
ArtSimpleExample,39,ForTrust,Opinion-Sensing Costs,-87.0
ArtSimpleExample,39,ForTrust,Opinion Costs,-590.0
ArtSimpleExample,39,ForTrust,Certainty Costs,-8.0
ArtSimpleExample,39,ForTrust,Client Earnings,3200.0
ArtSimpleExample,39,ForTrust,Opinion Earnings,290.0
ArtSimpleExample,39,Connected,Opinion-Sensing Costs,-198.13337931758883
ArtSimpleExample,39,Connected,Opinion Costs,-240.0
ArtSimpleExample,39,Connected,Certainty Costs,-20.0
ArtSimpleExample,39,Connected,Client Earnings,2400.0
ArtSimpleExample,39,Connected,Certainty Earnings,4.0
ArtSimpleExample,39,Connected,Opinion Earnings,300.0
ArtSimpleExample,39,Honest,Opinion-Sensing Costs,-168.0
ArtSimpleExample,39,Honest,Opinion Costs,-130.0
ArtSimpleExample,39,Honest,Client Earnings,1300.0
ArtSimpleExample,39,Honest,Opinion Earnings,210.0
ArtSimpleExample,39,Uno,Opinion-Sensing Costs,-186.0
ArtSimpleExample,39,Uno,Opinion Costs,-390.0
ArtSimpleExample,39,Uno,Client Earnings,2400.0
ArtSimpleExample,39,Uno,Certainty Earnings,24.0
ArtSimpleExample,39,Uno,Opinion Earnings,490.0
ArtSimpleExample,40,Cheating,Client Earnings,100.0
ArtSimpleExample,40,Next,Opinion-Sensing Costs,-60.000000000000014
ArtSimpleExample,40,Next,Opinion Costs,-240.0
ArtSimpleExample,40,Next,Client Earnings,2000.0
ArtSimpleExample,40,Next,Certainty Earnings,20.0
ArtSimpleExample,40,Next,Opinion Earnings,180.0
ArtSimpleExample,40,FordPrefect,Opinion-Sensing Costs,-124.0
ArtSimpleExample,40,FordPrefect,Opinion Costs,-210.0
ArtSimpleExample,40,FordPrefect,Client Earnings,2100.0
ArtSimpleExample,40,FordPrefect,Certainty Earnings,26.0
ArtSimpleExample,40,FordPrefect,Opinion Earnings,310.0
ArtSimpleExample,40,ForTrust,Opinion-Sensing Costs,-90.0
ArtSimpleExample,40,ForTrust,Opinion Costs,-260.0
ArtSimpleExample,40,ForTrust,Certainty Costs,-8.0
ArtSimpleExample,40,ForTrust,Client Earnings,1700.0
ArtSimpleExample,40,ForTrust,Certainty Earnings,20.0
ArtSimpleExample,40,ForTrust,Opinion Earnings,300.0
ArtSimpleExample,40,Connected,Opinion-Sensing Costs,-133.50392589866271
ArtSimpleExample,40,Connected,Opinion Costs,-320.0
ArtSimpleExample,40,Connected,Certainty Costs,-80.0
ArtSimpleExample,40,Connected,Client Earnings,3200.0
ArtSimpleExample,40,Connected,Opinion Earnings,220.0
ArtSimpleExample,40,Honest,Opinion-Sensing Costs,-176.0
ArtSimpleExample,40,Honest,Opinion Costs,-210.0
ArtSimpleExample,40,Honest,Client Earnings,2100.0
ArtSimpleExample,40,Honest,Certainty Earnings,20.0
ArtSimpleExample,40,Honest,Opinion Earnings,220.0
ArtSimpleExample,40,Uno,Opinion-Sensing Costs,-176.0
ArtSimpleExample,40,Uno,Opinion Costs,-460.0
ArtSimpleExample,40,Uno,Client Earnings,2800.0
ArtSimpleExample,40,Uno,Certainty Earnings,2.0
ArtSimpleExample,40,Uno,Opinion Earnings,470.0
ArtSimpleExample,41,Cheating,Opinion-Sensing Costs,-0.0010
ArtSimpleExample,41,Cheating,Opinion Costs,-80.0
ArtSimpleExample,41,Cheating,Client Earnings,900.0
ArtSimpleExample,41,Cheating,Opinion Earnings,10.0
ArtSimpleExample,41,Next,Opinion-Sensing Costs,-103.3333333333333
ArtSimpleExample,41,Next,Opinion Costs,-300.0
ArtSimpleExample,41,Next,Client Earnings,2400.0
ArtSimpleExample,41,Next,Certainty Earnings,2.0
ArtSimpleExample,41,Next,Opinion Earnings,310.0
ArtSimpleExample,41,FordPrefect,Opinion-Sensing Costs,-89.0
ArtSimpleExample,41,FordPrefect,Opinion Costs,-330.0
ArtSimpleExample,41,FordPrefect,Client Earnings,3300.0
ArtSimpleExample,41,FordPrefect,Opinion Earnings,230.0
ArtSimpleExample,41,ForTrust,Opinion-Sensing Costs,-75.5
ArtSimpleExample,41,ForTrust,Opinion Costs,-210.0
ArtSimpleExample,41,ForTrust,Certainty Costs,-8.0
ArtSimpleExample,41,ForTrust,Client Earnings,1400.0
ArtSimpleExample,41,ForTrust,Opinion Earnings,260.0
ArtSimpleExample,41,Connected,Opinion-Sensing Costs,-244.7347063531264
ArtSimpleExample,41,Connected,Opinion Costs,-210.0
ArtSimpleExample,41,Connected,Certainty Costs,-20.0
ArtSimpleExample,41,Connected,Client Earnings,2100.0
ArtSimpleExample,41,Connected,Certainty Earnings,2.0
ArtSimpleExample,41,Connected,Opinion Earnings,380.0
ArtSimpleExample,41,Honest,Opinion-Sensing Costs,-208.01
ArtSimpleExample,41,Honest,Opinion Costs,-180.0
ArtSimpleExample,41,Honest,Client Earnings,1800.0
ArtSimpleExample,41,Honest,Opinion Earnings,270.0
ArtSimpleExample,41,Uno,Opinion-Sensing Costs,-64.0
ArtSimpleExample,41,Uno,Opinion Costs,-370.0
ArtSimpleExample,41,Uno,Client Earnings,2100.0
ArtSimpleExample,41,Uno,Certainty Earnings,24.0
ArtSimpleExample,41,Uno,Opinion Earnings,220.0
ArtSimpleExample,42,Cheating,Opinion Costs,-10.0
ArtSimpleExample,42,Cheating,Client Earnings,100.0
ArtSimpleExample,42,Next,Opinion-Sensing Costs,-113.33333333333329
ArtSimpleExample,42,Next,Opinion Costs,-90.0
ArtSimpleExample,42,Next,Client Earnings,600.0
ArtSimpleExample,42,Next,Certainty Earnings,20.0
ArtSimpleExample,42,Next,Opinion Earnings,340.0
ArtSimpleExample,42,FordPrefect,Opinion-Sensing Costs,-104.0
ArtSimpleExample,42,FordPrefect,Opinion Costs,-400.0
ArtSimpleExample,42,FordPrefect,Client Earnings,4000.0
ArtSimpleExample,42,FordPrefect,Certainty Earnings,2.0
ArtSimpleExample,42,FordPrefect,Opinion Earnings,260.0
ArtSimpleExample,42,ForTrust,Opinion-Sensing Costs,-93.0
ArtSimpleExample,42,ForTrust,Opinion Costs,-250.0
ArtSimpleExample,42,ForTrust,Certainty Costs,-6.0
ArtSimpleExample,42,ForTrust,Client Earnings,1700.0
ArtSimpleExample,42,ForTrust,Certainty Earnings,20.0
ArtSimpleExample,42,ForTrust,Opinion Earnings,310.0
ArtSimpleExample,42,Connected,Opinion-Sensing Costs,-205.89968511021138
ArtSimpleExample,42,Connected,Opinion Costs,-270.0
ArtSimpleExample,42,Connected,Certainty Costs,-80.0
ArtSimpleExample,42,Connected,Client Earnings,2700.0
ArtSimpleExample,42,Connected,Certainty Earnings,4.0
ArtSimpleExample,42,Connected,Opinion Earnings,310.0
ArtSimpleExample,42,Honest,Opinion-Sensing Costs,-248.0
ArtSimpleExample,42,Honest,Opinion Costs,-140.0
ArtSimpleExample,42,Honest,Client Earnings,1400.0
ArtSimpleExample,42,Honest,Certainty Earnings,20.0
ArtSimpleExample,42,Honest,Opinion Earnings,310.0
ArtSimpleExample,42,Uno,Opinion-Sensing Costs,-42.0
ArtSimpleExample,42,Uno,Opinion Costs,-540.0
ArtSimpleExample,42,Uno,Client Earnings,3500.0
ArtSimpleExample,42,Uno,Certainty Earnings,20.0
ArtSimpleExample,42,Uno,Opinion Earnings,170.0
ArtSimpleExample,43,Cheating,Opinion Costs,-30.0
ArtSimpleExample,43,Cheating,Client Earnings,500.0
ArtSimpleExample,43,Next,Opinion-Sensing Costs,-80.0
ArtSimpleExample,43,Next,Opinion Costs,-390.0
ArtSimpleExample,43,Next,Client Earnings,3200.0
ArtSimpleExample,43,Next,Opinion Earnings,240.0
ArtSimpleExample,43,FordPrefect,Opinion-Sensing Costs,-96.0
ArtSimpleExample,43,FordPrefect,Opinion Costs,-260.0
ArtSimpleExample,43,FordPrefect,Client Earnings,2600.0
ArtSimpleExample,43,FordPrefect,Certainty Earnings,20.0
ArtSimpleExample,43,FordPrefect,Opinion Earnings,240.0
ArtSimpleExample,43,ForTrust,Opinion-Sensing Costs,-69.5
ArtSimpleExample,43,ForTrust,Opinion Costs,-240.0
ArtSimpleExample,43,ForTrust,Certainty Costs,-4.0
ArtSimpleExample,43,ForTrust,Client Earnings,1500.0
ArtSimpleExample,43,ForTrust,Opinion Earnings,240.0
ArtSimpleExample,43,Connected,Opinion-Sensing Costs,-206.4873458704718
ArtSimpleExample,43,Connected,Opinion Costs,-250.0
ArtSimpleExample,43,Connected,Certainty Costs,-20.0
ArtSimpleExample,43,Connected,Client Earnings,2500.0
ArtSimpleExample,43,Connected,Certainty Earnings,4.0
ArtSimpleExample,43,Connected,Opinion Earnings,360.0
ArtSimpleExample,43,Honest,Opinion-Sensing Costs,-240.0
ArtSimpleExample,43,Honest,Opinion Costs,-110.0
ArtSimpleExample,43,Honest,Client Earnings,1100.0
ArtSimpleExample,43,Honest,Opinion Earnings,300.0
ArtSimpleExample,43,Uno,Opinion-Sensing Costs,-92.0
ArtSimpleExample,43,Uno,Opinion Costs,-390.0
ArtSimpleExample,43,Uno,Client Earnings,2500.0
ArtSimpleExample,43,Uno,Opinion Earnings,290.0
ArtSimpleExample,44,Cheating,Client Earnings,100.0
ArtSimpleExample,44,Next,Opinion-Sensing Costs,-56.66666666666668
ArtSimpleExample,44,Next,Opinion Costs,-430.0
ArtSimpleExample,44,Next,Client Earnings,3100.0
ArtSimpleExample,44,Next,Certainty Earnings,28.0
ArtSimpleExample,44,Next,Opinion Earnings,170.0
ArtSimpleExample,44,FordPrefect,Opinion-Sensing Costs,-96.0
ArtSimpleExample,44,FordPrefect,Opinion Costs,-270.0
ArtSimpleExample,44,FordPrefect,Client Earnings,2700.0
ArtSimpleExample,44,FordPrefect,Certainty Earnings,20.0
ArtSimpleExample,44,FordPrefect,Opinion Earnings,240.0
ArtSimpleExample,44,ForTrust,Opinion-Sensing Costs,-99.0
ArtSimpleExample,44,ForTrust,Opinion Costs,-300.0
ArtSimpleExample,44,ForTrust,Certainty Costs,-10.0
ArtSimpleExample,44,ForTrust,Client Earnings,2000.0
ArtSimpleExample,44,ForTrust,Opinion Earnings,330.0
ArtSimpleExample,44,Connected,Opinion-Sensing Costs,-258.74209798629295
ArtSimpleExample,44,Connected,Opinion Costs,-280.0
ArtSimpleExample,44,Connected,Certainty Costs,-80.0
ArtSimpleExample,44,Connected,Client Earnings,2800.0
ArtSimpleExample,44,Connected,Opinion Earnings,380.0
ArtSimpleExample,44,Honest,Opinion-Sensing Costs,-216.0
ArtSimpleExample,44,Honest,Opinion Costs,-100.0
ArtSimpleExample,44,Honest,Client Earnings,1000.0
ArtSimpleExample,44,Honest,Certainty Earnings,20.0
ArtSimpleExample,44,Honest,Opinion Earnings,270.0
ArtSimpleExample,44,Uno,Opinion-Sensing Costs,-122.0
ArtSimpleExample,44,Uno,Opinion Costs,-390.0
ArtSimpleExample,44,Uno,Client Earnings,2300.0
ArtSimpleExample,44,Uno,Certainty Earnings,22.0
ArtSimpleExample,44,Uno,Opinion Earnings,380.0
ArtSimpleExample,45,Cheating,Opinion Costs,-90.0
ArtSimpleExample,45,Cheating,Client Earnings,1000.0
ArtSimpleExample,45,Next,Opinion-Sensing Costs,-123.33333333333327
ArtSimpleExample,45,Next,Opinion Costs,-400.0
ArtSimpleExample,45,Next,Client Earnings,3000.0
ArtSimpleExample,45,Next,Certainty Earnings,2.0
ArtSimpleExample,45,Next,Opinion Earnings,370.0
ArtSimpleExample,45,FordPrefect,Opinion-Sensing Costs,-140.0
ArtSimpleExample,45,FordPrefect,Opinion Costs,-210.0
ArtSimpleExample,45,FordPrefect,Client Earnings,2100.0
ArtSimpleExample,45,FordPrefect,Certainty Earnings,8.0
ArtSimpleExample,45,FordPrefect,Opinion Earnings,360.0
ArtSimpleExample,45,ForTrust,Opinion-Sensing Costs,-78.5
ArtSimpleExample,45,ForTrust,Opinion Costs,-330.0
ArtSimpleExample,45,ForTrust,Certainty Costs,-16.0
ArtSimpleExample,45,ForTrust,Client Earnings,2300.0
ArtSimpleExample,45,ForTrust,Certainty Earnings,20.0
ArtSimpleExample,45,ForTrust,Opinion Earnings,270.0
ArtSimpleExample,45,Connected,Opinion-Sensing Costs,-234.10092350030428
ArtSimpleExample,45,Connected,Opinion Costs,-210.0
ArtSimpleExample,45,Connected,Certainty Costs,-20.0
ArtSimpleExample,45,Connected,Client Earnings,2000.0
ArtSimpleExample,45,Connected,Certainty Earnings,4.0
ArtSimpleExample,45,Connected,Opinion Earnings,300.0
ArtSimpleExample,45,Honest,Opinion-Sensing Costs,-176.01999999999998
ArtSimpleExample,45,Honest,Opinion Costs,-110.0
ArtSimpleExample,45,Honest,Client Earnings,1100.0
ArtSimpleExample,45,Honest,Opinion Earnings,240.0
ArtSimpleExample,45,Uno,Opinion-Sensing Costs,-56.0
ArtSimpleExample,45,Uno,Opinion Costs,-380.0
ArtSimpleExample,45,Uno,Client Earnings,2500.0
ArtSimpleExample,45,Uno,Certainty Earnings,2.0
ArtSimpleExample,45,Uno,Opinion Earnings,190.0
ArtSimpleExample,46,Cheating,Opinion Costs,-20.0
ArtSimpleExample,46,Cheating,Client Earnings,200.0
ArtSimpleExample,46,Next,Opinion-Sensing Costs,-73.33333333333334
ArtSimpleExample,46,Next,Opinion Costs,-310.0
ArtSimpleExample,46,Next,Client Earnings,2600.0
ArtSimpleExample,46,Next,Certainty Earnings,22.0
ArtSimpleExample,46,Next,Opinion Earnings,220.0
ArtSimpleExample,46,FordPrefect,Opinion-Sensing Costs,-76.0
ArtSimpleExample,46,FordPrefect,Opinion Costs,-180.0
ArtSimpleExample,46,FordPrefect,Client Earnings,1800.0
ArtSimpleExample,46,FordPrefect,Certainty Earnings,20.0
ArtSimpleExample,46,FordPrefect,Opinion Earnings,190.0
ArtSimpleExample,46,ForTrust,Opinion-Sensing Costs,-132.0
ArtSimpleExample,46,ForTrust,Opinion Costs,-270.0
ArtSimpleExample,46,ForTrust,Certainty Costs,-4.0
ArtSimpleExample,46,ForTrust,Client Earnings,2100.0
ArtSimpleExample,46,ForTrust,Certainty Earnings,20.0
ArtSimpleExample,46,ForTrust,Opinion Earnings,440.0
ArtSimpleExample,46,Connected,Opinion-Sensing Costs,-221.6347288452542
ArtSimpleExample,46,Connected,Opinion Costs,-260.0
ArtSimpleExample,46,Connected,Certainty Costs,-80.0
ArtSimpleExample,46,Connected,Client Earnings,2300.0
ArtSimpleExample,46,Connected,Opinion Earnings,280.0
ArtSimpleExample,46,Honest,Opinion-Sensing Costs,-168.0
ArtSimpleExample,46,Honest,Opinion Costs,-170.0
ArtSimpleExample,46,Honest,Client Earnings,1700.0
ArtSimpleExample,46,Honest,Opinion Earnings,210.0
ArtSimpleExample,46,Uno,Opinion-Sensing Costs,-124.0
ArtSimpleExample,46,Uno,Opinion Costs,-490.0
ArtSimpleExample,46,Uno,Client Earnings,3300.0
ArtSimpleExample,46,Uno,Certainty Earnings,22.0
ArtSimpleExample,46,Uno,Opinion Earnings,360.0
ArtSimpleExample,47,Cheating,Opinion Costs,-10.0
ArtSimpleExample,47,Cheating,Client Earnings,100.0
ArtSimpleExample,47,Next,Opinion-Sensing Costs,-66.66666666666669
ArtSimpleExample,47,Next,Opinion Costs,-200.0
ArtSimpleExample,47,Next,Client Earnings,1900.0
ArtSimpleExample,47,Next,Certainty Earnings,4.0
ArtSimpleExample,47,Next,Opinion Earnings,200.0
ArtSimpleExample,47,FordPrefect,Opinion-Sensing Costs,-160.0
ArtSimpleExample,47,FordPrefect,Opinion Costs,-310.0
ArtSimpleExample,47,FordPrefect,Client Earnings,3100.0
ArtSimpleExample,47,FordPrefect,Opinion Earnings,400.0
ArtSimpleExample,47,ForTrust,Opinion-Sensing Costs,-72.0
ArtSimpleExample,47,ForTrust,Opinion Costs,-260.0
ArtSimpleExample,47,ForTrust,Certainty Costs,-10.0
ArtSimpleExample,47,ForTrust,Client Earnings,1700.0
ArtSimpleExample,47,ForTrust,Opinion Earnings,240.0
ArtSimpleExample,47,Connected,Opinion-Sensing Costs,-254.76533433886377
ArtSimpleExample,47,Connected,Opinion Costs,-220.0
ArtSimpleExample,47,Connected,Certainty Costs,-20.0
ArtSimpleExample,47,Connected,Client Earnings,2000.0
ArtSimpleExample,47,Connected,Certainty Earnings,2.0
ArtSimpleExample,47,Connected,Opinion Earnings,340.0
ArtSimpleExample,47,Honest,Opinion-Sensing Costs,-208.01
ArtSimpleExample,47,Honest,Opinion Costs,-180.0
ArtSimpleExample,47,Honest,Client Earnings,1800.0
ArtSimpleExample,47,Honest,Certainty Earnings,20.0
ArtSimpleExample,47,Honest,Opinion Earnings,270.0
ArtSimpleExample,47,Uno,Opinion-Sensing Costs,-71.0
ArtSimpleExample,47,Uno,Opinion Costs,-490.0
ArtSimpleExample,47,Uno,Client Earnings,3400.0
ArtSimpleExample,47,Uno,Certainty Earnings,4.0
ArtSimpleExample,47,Uno,Opinion Earnings,220.0
ArtSimpleExample,48,Cheating,Client Earnings,100.0
ArtSimpleExample,48,Next,Opinion-Sensing Costs,-60.000000000000014
ArtSimpleExample,48,Next,Opinion Costs,-280.0
ArtSimpleExample,48,Next,Client Earnings,2700.0
ArtSimpleExample,48,Next,Certainty Earnings,20.0
ArtSimpleExample,48,Next,Opinion Earnings,180.0
ArtSimpleExample,48,FordPrefect,Opinion-Sensing Costs,-196.0
ArtSimpleExample,48,FordPrefect,Opinion Costs,-290.0
ArtSimpleExample,48,FordPrefect,Client Earnings,2900.0
ArtSimpleExample,48,FordPrefect,Certainty Earnings,2.0
ArtSimpleExample,48,FordPrefect,Opinion Earnings,490.0
ArtSimpleExample,48,ForTrust,Opinion-Sensing Costs,-54.0
ArtSimpleExample,48,ForTrust,Opinion Costs,-290.0
ArtSimpleExample,48,ForTrust,Certainty Costs,-4.0
ArtSimpleExample,48,ForTrust,Client Earnings,1800.0
ArtSimpleExample,48,ForTrust,Certainty Earnings,20.0
ArtSimpleExample,48,ForTrust,Opinion Earnings,180.0
ArtSimpleExample,48,Connected,Opinion-Sensing Costs,-237.88034188034183
ArtSimpleExample,48,Connected,Opinion Costs,-210.0
ArtSimpleExample,48,Connected,Certainty Costs,-80.0
ArtSimpleExample,48,Connected,Client Earnings,1900.0
ArtSimpleExample,48,Connected,Certainty Earnings,2.0
ArtSimpleExample,48,Connected,Opinion Earnings,310.0
ArtSimpleExample,48,Honest,Opinion-Sensing Costs,-208.0
ArtSimpleExample,48,Honest,Opinion Costs,-190.0
ArtSimpleExample,48,Honest,Client Earnings,1900.0
ArtSimpleExample,48,Honest,Certainty Earnings,20.0
ArtSimpleExample,48,Honest,Opinion Earnings,260.0
ArtSimpleExample,48,Uno,Opinion-Sensing Costs,-94.0
ArtSimpleExample,48,Uno,Opinion Costs,-430.0
ArtSimpleExample,48,Uno,Client Earnings,2700.0
ArtSimpleExample,48,Uno,Certainty Earnings,20.0
ArtSimpleExample,48,Uno,Opinion Earnings,270.0
ArtSimpleExample,49,Cheating,Opinion-Sensing Costs,-0.0020
ArtSimpleExample,49,Cheating,Opinion Costs,-60.0
ArtSimpleExample,49,Cheating,Client Earnings,900.0
ArtSimpleExample,49,Cheating,Opinion Earnings,20.0
ArtSimpleExample,49,Next,Opinion-Sensing Costs,-70.00000000000001
ArtSimpleExample,49,Next,Opinion Costs,-300.0
ArtSimpleExample,49,Next,Client Earnings,2300.0
ArtSimpleExample,49,Next,Opinion Earnings,210.0
ArtSimpleExample,49,FordPrefect,Opinion-Sensing Costs,-68.0
ArtSimpleExample,49,FordPrefect,Opinion Costs,-210.0
ArtSimpleExample,49,FordPrefect,Client Earnings,2100.0
ArtSimpleExample,49,FordPrefect,Certainty Earnings,24.0
ArtSimpleExample,49,FordPrefect,Opinion Earnings,170.0
ArtSimpleExample,49,ForTrust,Opinion-Sensing Costs,-88.5
ArtSimpleExample,49,ForTrust,Opinion Costs,-340.0
ArtSimpleExample,49,ForTrust,Certainty Costs,-10.0
ArtSimpleExample,49,ForTrust,Client Earnings,2400.0
ArtSimpleExample,49,ForTrust,Opinion Earnings,320.0
ArtSimpleExample,49,Connected,Opinion-Sensing Costs,-353.60698225404025
ArtSimpleExample,49,Connected,Opinion Costs,-290.0
ArtSimpleExample,49,Connected,Certainty Costs,-20.0
ArtSimpleExample,49,Connected,Client Earnings,2400.0
ArtSimpleExample,49,Connected,Certainty Earnings,2.0
ArtSimpleExample,49,Connected,Opinion Earnings,460.0
ArtSimpleExample,49,Honest,Opinion-Sensing Costs,-184.01999999999998
ArtSimpleExample,49,Honest,Opinion Costs,-120.0
ArtSimpleExample,49,Honest,Client Earnings,1200.0
ArtSimpleExample,49,Honest,Opinion Earnings,250.0
ArtSimpleExample,49,Uno,Opinion-Sensing Costs,-110.0
ArtSimpleExample,49,Uno,Opinion Costs,-450.0
ArtSimpleExample,49,Uno,Client Earnings,2700.0
ArtSimpleExample,49,Uno,Certainty Earnings,4.0
ArtSimpleExample,49,Uno,Opinion Earnings,340.0
