ArtSimpleExample,0,Simple_2,Opinion-Sensing Costs,-216.0
ArtSimpleExample,0,Simple_2,Certainty Costs,-80.0
ArtSimpleExample,0,Simple_2,Client Earnings,2000.0
ArtSimpleExample,0,Simple_2,Certainty Earnings,48.0
ArtSimpleExample,0,Simple_2,Opinion Earnings,270.0
ArtSimpleExample,0,Cheating_1,Opinion-Sensing Costs,-0.025000000000000015
ArtSimpleExample,0,Cheating_1,Opinion Costs,-100.0
ArtSimpleExample,0,Cheating_1,Client Earnings,2000.0
ArtSimpleExample,0,Cheating_1,Certainty Earnings,50.0
ArtSimpleExample,0,Cheating_1,Opinion Earnings,250.0
ArtSimpleExample,0,Simple_1,Opinion-Sensing Costs,-200.0
ArtSimpleExample,0,Simple_1,Opinion Costs,-200.0
ArtSimpleExample,0,Simple_1,Certainty Costs,-80.0
ArtSimpleExample,0,Simple_1,Client Earnings,2000.0
ArtSimpleExample,0,Simple_1,Certainty Earnings,88.0
ArtSimpleExample,0,Simple_1,Opinion Earnings,250.0
ArtSimpleExample,0,ForTrust,Opinion-Sensing Costs,-3.0
ArtSimpleExample,0,ForTrust,Opinion Costs,-260.0
ArtSimpleExample,0,ForTrust,Certainty Costs,-68.0
ArtSimpleExample,0,ForTrust,Client Earnings,2000.0
ArtSimpleExample,0,ForTrust,Certainty Earnings,40.0
ArtSimpleExample,0,ForTrust,Opinion Earnings,10.0
ArtSimpleExample,0,Lazy_2,Opinion Costs,-200.0
ArtSimpleExample,0,Lazy_2,Certainty Costs,-80.0
ArtSimpleExample,0,Lazy_2,Client Earnings,2000.0
ArtSimpleExample,0,Lazy_2,Certainty Earnings,54.0
ArtSimpleExample,0,Lazy_1,Opinion Costs,-200.0
ArtSimpleExample,0,Lazy_1,Certainty Costs,-80.0
ArtSimpleExample,0,Lazy_1,Client Earnings,2000.0
ArtSimpleExample,0,Lazy_1,Certainty Earnings,50.0
ArtSimpleExample,0,Simple_4,Opinion-Sensing Costs,-104.0
ArtSimpleExample,0,Simple_4,Opinion Costs,-200.0
ArtSimpleExample,0,Simple_4,Certainty Costs,-80.0
ArtSimpleExample,0,Simple_4,Client Earnings,2000.0
ArtSimpleExample,0,Simple_4,Certainty Earnings,94.0
ArtSimpleExample,0,Simple_4,Opinion Earnings,130.0
ArtSimpleExample,0,Simple_3,Opinion-Sensing Costs,-200.0
ArtSimpleExample,0,Simple_3,Certainty Costs,-80.0
ArtSimpleExample,0,Simple_3,Client Earnings,2000.0
ArtSimpleExample,0,Simple_3,Certainty Earnings,124.0
ArtSimpleExample,0,Simple_3,Opinion Earnings,250.0
ArtSimpleExample,1,Simple_2,Opinion-Sensing Costs,-32.0
ArtSimpleExample,1,Simple_2,Certainty Costs,-80.0
ArtSimpleExample,1,Simple_2,Client Earnings,1700.0
ArtSimpleExample,1,Simple_2,Certainty Earnings,110.0
ArtSimpleExample,1,Simple_2,Opinion Earnings,40.0
ArtSimpleExample,1,Cheating_1,Opinion-Sensing Costs,-0.04200000000000003
ArtSimpleExample,1,Cheating_1,Opinion Costs,-100.0
ArtSimpleExample,1,Cheating_1,Client Earnings,2300.0
ArtSimpleExample,1,Cheating_1,Certainty Earnings,34.0
ArtSimpleExample,1,Cheating_1,Opinion Earnings,420.0
ArtSimpleExample,1,Simple_1,Opinion Costs,-20.0
ArtSimpleExample,1,Simple_1,Certainty Costs,-20.0
ArtSimpleExample,1,Simple_1,Client Earnings,200.0
ArtSimpleExample,1,Simple_1,Certainty Earnings,38.0
ArtSimpleExample,1,ForTrust,Opinion-Sensing Costs,-1.5
ArtSimpleExample,1,ForTrust,Opinion Costs,-20.0
ArtSimpleExample,1,ForTrust,Client Earnings,200.0
ArtSimpleExample,1,ForTrust,Certainty Earnings,84.0
ArtSimpleExample,1,ForTrust,Opinion Earnings,30.0
ArtSimpleExample,1,Lazy_2,Opinion Costs,-360.0
ArtSimpleExample,1,Lazy_2,Certainty Costs,-80.0
ArtSimpleExample,1,Lazy_2,Client Earnings,3600.0
ArtSimpleExample,1,Lazy_2,Certainty Earnings,16.0
ArtSimpleExample,1,Lazy_1,Certainty Costs,-80.0
ArtSimpleExample,1,Lazy_1,Client Earnings,3600.0
ArtSimpleExample,1,Lazy_1,Certainty Earnings,46.0
ArtSimpleExample,1,Simple_4,Opinion-Sensing Costs,-312.0
ArtSimpleExample,1,Simple_4,Opinion Costs,-250.0
ArtSimpleExample,1,Simple_4,Certainty Costs,-80.0
ArtSimpleExample,1,Simple_4,Client Earnings,2500.0
ArtSimpleExample,1,Simple_4,Certainty Earnings,88.0
ArtSimpleExample,1,Simple_4,Opinion Earnings,390.0
ArtSimpleExample,1,Simple_3,Opinion-Sensing Costs,-32.0
ArtSimpleExample,1,Simple_3,Opinion Costs,-170.0
ArtSimpleExample,1,Simple_3,Certainty Costs,-80.0
ArtSimpleExample,1,Simple_3,Client Earnings,1700.0
ArtSimpleExample,1,Simple_3,Certainty Earnings,4.0
ArtSimpleExample,1,Simple_3,Opinion Earnings,40.0
ArtSimpleExample,2,Simple_2,Opinion-Sensing Costs,-368.0
ArtSimpleExample,2,Simple_2,Opinion Costs,-180.0
ArtSimpleExample,2,Simple_2,Certainty Costs,-80.0
ArtSimpleExample,2,Simple_2,Client Earnings,1800.0
ArtSimpleExample,2,Simple_2,Certainty Earnings,80.0
ArtSimpleExample,2,Simple_2,Opinion Earnings,460.0
ArtSimpleExample,2,Cheating_1,Opinion Costs,-160.0
ArtSimpleExample,2,Cheating_1,Client Earnings,2300.0
ArtSimpleExample,2,Cheating_1,Certainty Earnings,34.0
ArtSimpleExample,2,Simple_1,Opinion-Sensing Costs,-24.03
ArtSimpleExample,2,Simple_1,Opinion Costs,-370.0
ArtSimpleExample,2,Simple_1,Certainty Costs,-80.0
ArtSimpleExample,2,Simple_1,Client Earnings,3700.0
ArtSimpleExample,2,Simple_1,Certainty Earnings,72.0
ArtSimpleExample,2,Simple_1,Opinion Earnings,60.0
ArtSimpleExample,2,ForTrust,Opinion-Sensing Costs,-11.5
ArtSimpleExample,2,ForTrust,Opinion Costs,-280.0
ArtSimpleExample,2,ForTrust,Certainty Costs,-12.0
ArtSimpleExample,2,ForTrust,Client Earnings,2200.0
ArtSimpleExample,2,ForTrust,Certainty Earnings,44.0
ArtSimpleExample,2,ForTrust,Opinion Earnings,80.0
ArtSimpleExample,2,Lazy_2,Opinion Costs,-350.0
ArtSimpleExample,2,Lazy_2,Certainty Costs,-80.0
ArtSimpleExample,2,Lazy_2,Client Earnings,3500.0
ArtSimpleExample,2,Lazy_2,Certainty Earnings,74.0
ArtSimpleExample,2,Lazy_1,Opinion Costs,-200.0
ArtSimpleExample,2,Lazy_1,Certainty Costs,-80.0
ArtSimpleExample,2,Lazy_1,Client Earnings,2000.0
ArtSimpleExample,2,Lazy_1,Certainty Earnings,6.0
ArtSimpleExample,2,Simple_4,Opinion-Sensing Costs,-96.02000000000001
ArtSimpleExample,2,Simple_4,Opinion Costs,-30.0
ArtSimpleExample,2,Simple_4,Certainty Costs,-26.0
ArtSimpleExample,2,Simple_4,Client Earnings,300.0
ArtSimpleExample,2,Simple_4,Certainty Earnings,38.0
ArtSimpleExample,2,Simple_4,Opinion Earnings,140.0
ArtSimpleExample,2,Simple_3,Opinion-Sensing Costs,-632.06
ArtSimpleExample,2,Simple_3,Opinion Costs,-20.0
ArtSimpleExample,2,Simple_3,Certainty Costs,-10.0
ArtSimpleExample,2,Simple_3,Client Earnings,200.0
ArtSimpleExample,2,Simple_3,Certainty Earnings,20.0
ArtSimpleExample,2,Simple_3,Opinion Earnings,850.0
ArtSimpleExample,3,Simple_2,Opinion-Sensing Costs,-440.0
ArtSimpleExample,3,Simple_2,Certainty Costs,-60.0
ArtSimpleExample,3,Simple_2,Client Earnings,1800.0
ArtSimpleExample,3,Simple_2,Certainty Earnings,28.0
ArtSimpleExample,3,Simple_2,Opinion Earnings,550.0
ArtSimpleExample,3,Cheating_1,Opinion Costs,-10.0
ArtSimpleExample,3,Cheating_1,Client Earnings,300.0
ArtSimpleExample,3,Cheating_1,Certainty Earnings,76.0
ArtSimpleExample,3,Simple_1,Opinion-Sensing Costs,-40.0
ArtSimpleExample,3,Simple_1,Certainty Costs,-80.0
ArtSimpleExample,3,Simple_1,Client Earnings,3300.0
ArtSimpleExample,3,Simple_1,Certainty Earnings,50.0
ArtSimpleExample,3,Simple_1,Opinion Earnings,50.0
ArtSimpleExample,3,ForTrust,Opinion-Sensing Costs,-132.0
ArtSimpleExample,3,ForTrust,Opinion Costs,-270.0
ArtSimpleExample,3,ForTrust,Certainty Costs,-8.0
ArtSimpleExample,3,ForTrust,Client Earnings,2100.0
ArtSimpleExample,3,ForTrust,Certainty Earnings,48.0
ArtSimpleExample,3,ForTrust,Opinion Earnings,440.0
ArtSimpleExample,3,Lazy_2,Opinion Costs,-260.0
ArtSimpleExample,3,Lazy_2,Certainty Costs,-80.0
ArtSimpleExample,3,Lazy_2,Client Earnings,2600.0
ArtSimpleExample,3,Lazy_2,Certainty Earnings,42.0
ArtSimpleExample,3,Lazy_1,Opinion Costs,-210.0
ArtSimpleExample,3,Lazy_1,Certainty Costs,-80.0
ArtSimpleExample,3,Lazy_1,Client Earnings,2100.0
ArtSimpleExample,3,Lazy_1,Certainty Earnings,120.0
ArtSimpleExample,3,Simple_4,Opinion-Sensing Costs,-16.0
ArtSimpleExample,3,Simple_4,Opinion Costs,-180.0
ArtSimpleExample,3,Simple_4,Certainty Costs,-80.0
ArtSimpleExample,3,Simple_4,Client Earnings,1800.0
ArtSimpleExample,3,Simple_4,Certainty Earnings,12.0
ArtSimpleExample,3,Simple_4,Opinion Earnings,20.0
ArtSimpleExample,3,Simple_3,Opinion-Sensing Costs,-56.0
ArtSimpleExample,3,Simple_3,Opinion Costs,-200.0
ArtSimpleExample,3,Simple_3,Certainty Costs,-80.0
ArtSimpleExample,3,Simple_3,Client Earnings,2000.0
ArtSimpleExample,3,Simple_3,Certainty Earnings,92.0
ArtSimpleExample,3,Simple_3,Opinion Earnings,70.0
ArtSimpleExample,4,Simple_2,Opinion-Sensing Costs,-280.0
ArtSimpleExample,4,Simple_2,Client Earnings,1300.0
ArtSimpleExample,4,Simple_2,Certainty Earnings,24.0
ArtSimpleExample,4,Simple_2,Opinion Earnings,350.0
ArtSimpleExample,4,Cheating_1,Opinion Costs,-70.0
ArtSimpleExample,4,Cheating_1,Client Earnings,1200.0
ArtSimpleExample,4,Cheating_1,Certainty Earnings,34.0
ArtSimpleExample,4,Simple_1,Opinion-Sensing Costs,-216.01
ArtSimpleExample,4,Simple_1,Opinion Costs,-140.0
ArtSimpleExample,4,Simple_1,Certainty Costs,-30.0
ArtSimpleExample,4,Simple_1,Client Earnings,1400.0
ArtSimpleExample,4,Simple_1,Certainty Earnings,4.0
ArtSimpleExample,4,Simple_1,Opinion Earnings,280.0
ArtSimpleExample,4,ForTrust,Opinion-Sensing Costs,-43.0
ArtSimpleExample,4,ForTrust,Opinion Costs,-250.0
ArtSimpleExample,4,ForTrust,Certainty Costs,-8.0
ArtSimpleExample,4,ForTrust,Client Earnings,2000.0
ArtSimpleExample,4,ForTrust,Certainty Earnings,52.0
ArtSimpleExample,4,ForTrust,Opinion Earnings,160.0
ArtSimpleExample,4,Lazy_2,Opinion Costs,-230.0
ArtSimpleExample,4,Lazy_2,Certainty Costs,-58.0
ArtSimpleExample,4,Lazy_2,Client Earnings,2300.0
ArtSimpleExample,4,Lazy_2,Certainty Earnings,48.0
ArtSimpleExample,4,Lazy_1,Certainty Costs,-24.0
ArtSimpleExample,4,Lazy_1,Client Earnings,2900.0
ArtSimpleExample,4,Lazy_1,Certainty Earnings,4.0
ArtSimpleExample,4,Simple_4,Opinion-Sensing Costs,-40.0
ArtSimpleExample,4,Simple_4,Opinion Costs,-200.0
ArtSimpleExample,4,Simple_4,Certainty Costs,-22.0
ArtSimpleExample,4,Simple_4,Client Earnings,2000.0
ArtSimpleExample,4,Simple_4,Certainty Earnings,16.0
ArtSimpleExample,4,Simple_4,Opinion Earnings,50.0
ArtSimpleExample,4,Simple_3,Opinion-Sensing Costs,-240.03000000000003
ArtSimpleExample,4,Simple_3,Opinion Costs,-280.0
ArtSimpleExample,4,Simple_3,Certainty Costs,-40.0
ArtSimpleExample,4,Simple_3,Client Earnings,2800.0
ArtSimpleExample,4,Simple_3,Opinion Earnings,330.0
ArtSimpleExample,5,Simple_2,Opinion-Sensing Costs,-56.0
ArtSimpleExample,5,Simple_2,Opinion Costs,-140.0
ArtSimpleExample,5,Simple_2,Client Earnings,1400.0
ArtSimpleExample,5,Simple_2,Certainty Earnings,2.0
ArtSimpleExample,5,Simple_2,Opinion Earnings,70.0
ArtSimpleExample,5,Cheating_1,Opinion-Sensing Costs,-0.057000000000000044
ArtSimpleExample,5,Cheating_1,Opinion Costs,-20.0
ArtSimpleExample,5,Cheating_1,Client Earnings,400.0
ArtSimpleExample,5,Cheating_1,Certainty Earnings,16.0
ArtSimpleExample,5,Cheating_1,Opinion Earnings,570.0
ArtSimpleExample,5,Simple_1,Opinion-Sensing Costs,-304.0
ArtSimpleExample,5,Simple_1,Opinion Costs,-250.0
ArtSimpleExample,5,Simple_1,Certainty Costs,-24.0
ArtSimpleExample,5,Simple_1,Client Earnings,2500.0
ArtSimpleExample,5,Simple_1,Certainty Earnings,2.0
ArtSimpleExample,5,Simple_1,Opinion Earnings,380.0
ArtSimpleExample,5,ForTrust,Opinion-Sensing Costs,-0.5
ArtSimpleExample,5,ForTrust,Opinion Costs,-290.0
ArtSimpleExample,5,ForTrust,Certainty Costs,-8.0
ArtSimpleExample,5,ForTrust,Client Earnings,2000.0
ArtSimpleExample,5,ForTrust,Certainty Earnings,6.0
ArtSimpleExample,5,ForTrust,Opinion Earnings,10.0
ArtSimpleExample,5,Lazy_2,Opinion Costs,-270.0
ArtSimpleExample,5,Lazy_2,Certainty Costs,-12.0
ArtSimpleExample,5,Lazy_2,Client Earnings,2700.0
ArtSimpleExample,5,Lazy_1,Opinion Costs,-160.0
ArtSimpleExample,5,Lazy_1,Client Earnings,1600.0
ArtSimpleExample,5,Lazy_1,Certainty Earnings,2.0
ArtSimpleExample,5,Simple_4,Opinion-Sensing Costs,-272.0
ArtSimpleExample,5,Simple_4,Opinion Costs,-280.0
ArtSimpleExample,5,Simple_4,Client Earnings,2800.0
ArtSimpleExample,5,Simple_4,Certainty Earnings,14.0
ArtSimpleExample,5,Simple_4,Opinion Earnings,340.0
ArtSimpleExample,5,Simple_3,Opinion-Sensing Costs,-32.0
ArtSimpleExample,5,Simple_3,Client Earnings,2500.0
ArtSimpleExample,5,Simple_3,Certainty Earnings,2.0
ArtSimpleExample,5,Simple_3,Opinion Earnings,40.0
ArtSimpleExample,6,Simple_2,Opinion-Sensing Costs,-160.0
ArtSimpleExample,6,Simple_2,Opinion Costs,-10.0
ArtSimpleExample,6,Simple_2,Client Earnings,100.0
ArtSimpleExample,6,Simple_2,Opinion Earnings,200.0
ArtSimpleExample,6,Cheating_1,Opinion Costs,-110.0
ArtSimpleExample,6,Cheating_1,Client Earnings,1900.0
ArtSimpleExample,6,Simple_1,Opinion-Sensing Costs,-648.04
ArtSimpleExample,6,Simple_1,Opinion Costs,-330.0
ArtSimpleExample,6,Simple_1,Client Earnings,3300.0
ArtSimpleExample,6,Simple_1,Opinion Earnings,850.0
ArtSimpleExample,6,ForTrust,Opinion Costs,-570.0
ArtSimpleExample,6,ForTrust,Certainty Costs,-6.0
ArtSimpleExample,6,ForTrust,Client Earnings,4100.0
ArtSimpleExample,6,Lazy_2,Opinion Costs,-30.0
ArtSimpleExample,6,Lazy_2,Client Earnings,300.0
ArtSimpleExample,6,Lazy_2,Certainty Earnings,2.0
ArtSimpleExample,6,Lazy_1,Opinion Costs,-20.0
ArtSimpleExample,6,Lazy_1,Client Earnings,200.0
ArtSimpleExample,6,Lazy_1,Certainty Earnings,2.0
ArtSimpleExample,6,Simple_4,Opinion-Sensing Costs,-384.04999999999995
ArtSimpleExample,6,Simple_4,Opinion Costs,-380.0
ArtSimpleExample,6,Simple_4,Client Earnings,3800.0
ArtSimpleExample,6,Simple_4,Certainty Earnings,2.0
ArtSimpleExample,6,Simple_4,Opinion Earnings,530.0
ArtSimpleExample,6,Simple_3,Opinion-Sensing Costs,-64.02000000000001
ArtSimpleExample,6,Simple_3,Opinion Costs,-230.0
ArtSimpleExample,6,Simple_3,Client Earnings,2300.0
ArtSimpleExample,6,Simple_3,Opinion Earnings,100.0
ArtSimpleExample,7,Simple_2,Opinion-Sensing Costs,-56.0
ArtSimpleExample,7,Simple_2,Opinion Costs,-150.0
ArtSimpleExample,7,Simple_2,Client Earnings,1500.0
ArtSimpleExample,7,Simple_2,Opinion Earnings,70.0
ArtSimpleExample,7,Cheating_1,Opinion Costs,-20.0
ArtSimpleExample,7,Cheating_1,Client Earnings,200.0
ArtSimpleExample,7,Simple_1,Opinion-Sensing Costs,-248.0
ArtSimpleExample,7,Simple_1,Client Earnings,1900.0
ArtSimpleExample,7,Simple_1,Opinion Earnings,310.0
ArtSimpleExample,7,ForTrust,Opinion-Sensing Costs,-1.0
ArtSimpleExample,7,ForTrust,Opinion Costs,-320.0
ArtSimpleExample,7,ForTrust,Certainty Costs,-4.0
ArtSimpleExample,7,ForTrust,Client Earnings,2700.0
ArtSimpleExample,7,ForTrust,Opinion Earnings,20.0
ArtSimpleExample,7,Lazy_2,Opinion Costs,-230.0
ArtSimpleExample,7,Lazy_2,Client Earnings,2300.0
ArtSimpleExample,7,Lazy_1,Client Earnings,3400.0
ArtSimpleExample,7,Lazy_1,Certainty Earnings,2.0
ArtSimpleExample,7,Simple_4,Opinion-Sensing Costs,-240.0
ArtSimpleExample,7,Simple_4,Opinion Costs,-220.0
ArtSimpleExample,7,Simple_4,Client Earnings,2200.0
ArtSimpleExample,7,Simple_4,Opinion Earnings,300.0
ArtSimpleExample,7,Simple_3,Opinion-Sensing Costs,-336.0
ArtSimpleExample,7,Simple_3,Opinion Costs,-180.0
ArtSimpleExample,7,Simple_3,Client Earnings,1800.0
ArtSimpleExample,7,Simple_3,Certainty Earnings,2.0
ArtSimpleExample,7,Simple_3,Opinion Earnings,420.0
ArtSimpleExample,8,Simple_2,Opinion-Sensing Costs,-288.0
ArtSimpleExample,8,Simple_2,Opinion Costs,-140.0
ArtSimpleExample,8,Simple_2,Client Earnings,1400.0
ArtSimpleExample,8,Simple_2,Certainty Earnings,4.0
ArtSimpleExample,8,Simple_2,Opinion Earnings,360.0
ArtSimpleExample,8,Cheating_1,Opinion-Sensing Costs,-0.015000000000000006
ArtSimpleExample,8,Cheating_1,Opinion Costs,-50.0
ArtSimpleExample,8,Cheating_1,Client Earnings,600.0
ArtSimpleExample,8,Cheating_1,Opinion Earnings,150.0
ArtSimpleExample,8,Simple_1,Opinion-Sensing Costs,-72.0
ArtSimpleExample,8,Simple_1,Opinion Costs,-140.0
ArtSimpleExample,8,Simple_1,Client Earnings,1400.0
ArtSimpleExample,8,Simple_1,Certainty Earnings,4.0
ArtSimpleExample,8,Simple_1,Opinion Earnings,90.0
ArtSimpleExample,8,ForTrust,Opinion-Sensing Costs,-90.5
ArtSimpleExample,8,ForTrust,Opinion Costs,-460.0
ArtSimpleExample,8,ForTrust,Certainty Costs,-26.0
ArtSimpleExample,8,ForTrust,Client Earnings,3000.0
ArtSimpleExample,8,ForTrust,Opinion Earnings,310.0
ArtSimpleExample,8,Lazy_2,Opinion Costs,-230.0
ArtSimpleExample,8,Lazy_2,Client Earnings,2300.0
ArtSimpleExample,8,Lazy_2,Certainty Earnings,2.0
ArtSimpleExample,8,Lazy_1,Opinion Costs,-150.0
ArtSimpleExample,8,Lazy_1,Client Earnings,1500.0
ArtSimpleExample,8,Lazy_1,Certainty Earnings,4.0
ArtSimpleExample,8,Simple_4,Opinion-Sensing Costs,-216.0
ArtSimpleExample,8,Simple_4,Client Earnings,2800.0
ArtSimpleExample,8,Simple_4,Certainty Earnings,10.0
ArtSimpleExample,8,Simple_4,Opinion Earnings,270.0
ArtSimpleExample,8,Simple_3,Opinion-Sensing Costs,-216.01999999999998
ArtSimpleExample,8,Simple_3,Opinion Costs,-300.0
ArtSimpleExample,8,Simple_3,Client Earnings,3000.0
ArtSimpleExample,8,Simple_3,Certainty Earnings,2.0
ArtSimpleExample,8,Simple_3,Opinion Earnings,290.0
ArtSimpleExample,9,Simple_2,Opinion-Sensing Costs,-56.0
ArtSimpleExample,9,Simple_2,Client Earnings,2600.0
ArtSimpleExample,9,Simple_2,Certainty Earnings,2.0
ArtSimpleExample,9,Simple_2,Opinion Earnings,70.0
ArtSimpleExample,9,Cheating_1,Opinion Costs,-10.0
ArtSimpleExample,9,Cheating_1,Client Earnings,100.0
ArtSimpleExample,9,Simple_1,Opinion-Sensing Costs,-256.0
ArtSimpleExample,9,Simple_1,Client Earnings,3700.0
ArtSimpleExample,9,Simple_1,Opinion Earnings,320.0
ArtSimpleExample,9,ForTrust,Opinion Costs,-360.0
ArtSimpleExample,9,ForTrust,Certainty Costs,-10.0
ArtSimpleExample,9,ForTrust,Client Earnings,2600.0
ArtSimpleExample,9,Lazy_2,Opinion Costs,-220.0
ArtSimpleExample,9,Lazy_2,Client Earnings,2200.0
ArtSimpleExample,9,Lazy_2,Certainty Earnings,4.0
ArtSimpleExample,9,Lazy_1,Opinion Costs,-120.0
ArtSimpleExample,9,Lazy_1,Client Earnings,1200.0
ArtSimpleExample,9,Simple_4,Opinion-Sensing Costs,-376.0
ArtSimpleExample,9,Simple_4,Client Earnings,1300.0
ArtSimpleExample,9,Simple_4,Certainty Earnings,4.0
ArtSimpleExample,9,Simple_4,Opinion Earnings,470.0
ArtSimpleExample,9,Simple_3,Opinion-Sensing Costs,-64.0
ArtSimpleExample,9,Simple_3,Opinion Costs,-230.0
ArtSimpleExample,9,Simple_3,Client Earnings,2300.0
ArtSimpleExample,9,Simple_3,Opinion Earnings,80.0
ArtSimpleExample,10,Simple_2,Opinion-Sensing Costs,-432.0
ArtSimpleExample,10,Simple_2,Opinion Costs,-140.0
ArtSimpleExample,10,Simple_2,Client Earnings,1400.0
ArtSimpleExample,10,Simple_2,Certainty Earnings,2.0
ArtSimpleExample,10,Simple_2,Opinion Earnings,540.0
ArtSimpleExample,10,Cheating_1,Opinion Costs,-130.0
ArtSimpleExample,10,Cheating_1,Client Earnings,1400.0
ArtSimpleExample,10,Simple_1,Opinion-Sensing Costs,-224.02
ArtSimpleExample,10,Simple_1,Opinion Costs,-150.0
ArtSimpleExample,10,Simple_1,Client Earnings,1500.0
ArtSimpleExample,10,Simple_1,Opinion Earnings,300.0
ArtSimpleExample,10,ForTrust,Opinion-Sensing Costs,-40.0
ArtSimpleExample,10,ForTrust,Opinion Costs,-480.0
ArtSimpleExample,10,ForTrust,Certainty Costs,-8.0
ArtSimpleExample,10,ForTrust,Client Earnings,3400.0
ArtSimpleExample,10,ForTrust,Opinion Earnings,150.0
ArtSimpleExample,10,Lazy_2,Opinion Costs,-300.0
ArtSimpleExample,10,Lazy_2,Client Earnings,3000.0
ArtSimpleExample,10,Lazy_1,Opinion Costs,-180.0
ArtSimpleExample,10,Lazy_1,Client Earnings,1800.0
ArtSimpleExample,10,Simple_4,Opinion-Sensing Costs,-456.03
ArtSimpleExample,10,Simple_4,Opinion Costs,-130.0
ArtSimpleExample,10,Simple_4,Client Earnings,1300.0
ArtSimpleExample,10,Simple_4,Opinion Earnings,600.0
ArtSimpleExample,10,Simple_3,Opinion-Sensing Costs,-96.01
ArtSimpleExample,10,Simple_3,Opinion Costs,-210.0
ArtSimpleExample,10,Simple_3,Client Earnings,2100.0
ArtSimpleExample,10,Simple_3,Certainty Earnings,6.0
ArtSimpleExample,10,Simple_3,Opinion Earnings,130.0
ArtSimpleExample,11,Simple_2,Opinion-Sensing Costs,-400.0
ArtSimpleExample,11,Simple_2,Opinion Costs,-170.0
ArtSimpleExample,11,Simple_2,Client Earnings,1700.0
ArtSimpleExample,11,Simple_2,Certainty Earnings,2.0
ArtSimpleExample,11,Simple_2,Opinion Earnings,500.0
ArtSimpleExample,11,Cheating_1,Opinion Costs,-10.0
ArtSimpleExample,11,Cheating_1,Client Earnings,200.0
ArtSimpleExample,11,Simple_1,Opinion-Sensing Costs,-248.01
ArtSimpleExample,11,Simple_1,Client Earnings,2400.0
ArtSimpleExample,11,Simple_1,Certainty Earnings,8.0
ArtSimpleExample,11,Simple_1,Opinion Earnings,320.0
ArtSimpleExample,11,ForTrust,Opinion-Sensing Costs,-132.0
ArtSimpleExample,11,ForTrust,Opinion Costs,-330.0
ArtSimpleExample,11,ForTrust,Certainty Costs,-16.0
ArtSimpleExample,11,ForTrust,Client Earnings,2500.0
ArtSimpleExample,11,ForTrust,Opinion Earnings,440.0
ArtSimpleExample,11,Lazy_2,Opinion Costs,-300.0
ArtSimpleExample,11,Lazy_2,Client Earnings,3000.0
ArtSimpleExample,11,Lazy_2,Certainty Earnings,2.0
ArtSimpleExample,11,Lazy_1,Opinion Costs,-280.0
ArtSimpleExample,11,Lazy_1,Client Earnings,2800.0
ArtSimpleExample,11,Lazy_1,Certainty Earnings,2.0
ArtSimpleExample,11,Simple_4,Opinion-Sensing Costs,-64.0
ArtSimpleExample,11,Simple_4,Opinion Costs,-140.0
ArtSimpleExample,11,Simple_4,Client Earnings,1400.0
ArtSimpleExample,11,Simple_4,Opinion Earnings,80.0
ArtSimpleExample,11,Simple_3,Opinion-Sensing Costs,-64.0
ArtSimpleExample,11,Simple_3,Opinion Costs,-190.0
ArtSimpleExample,11,Simple_3,Client Earnings,1900.0
ArtSimpleExample,11,Simple_3,Certainty Earnings,2.0
ArtSimpleExample,11,Simple_3,Opinion Earnings,80.0
ArtSimpleExample,12,Simple_2,Opinion-Sensing Costs,-272.0
ArtSimpleExample,12,Simple_2,Opinion Costs,-310.0
ArtSimpleExample,12,Simple_2,Client Earnings,3100.0
ArtSimpleExample,12,Simple_2,Opinion Earnings,340.0
ArtSimpleExample,12,Cheating_1,Client Earnings,100.0
ArtSimpleExample,12,Simple_1,Opinion-Sensing Costs,-368.0
ArtSimpleExample,12,Simple_1,Client Earnings,1500.0
ArtSimpleExample,12,Simple_1,Opinion Earnings,460.0
ArtSimpleExample,12,ForTrust,Opinion Costs,-320.0
ArtSimpleExample,12,ForTrust,Certainty Costs,-4.0
ArtSimpleExample,12,ForTrust,Client Earnings,2500.0
ArtSimpleExample,12,Lazy_2,Opinion Costs,-260.0
ArtSimpleExample,12,Lazy_2,Client Earnings,2600.0
ArtSimpleExample,12,Lazy_1,Opinion Costs,-260.0
ArtSimpleExample,12,Lazy_1,Client Earnings,2600.0
ArtSimpleExample,12,Lazy_1,Certainty Earnings,2.0
ArtSimpleExample,12,Simple_4,Opinion-Sensing Costs,-424.0
ArtSimpleExample,12,Simple_4,Client Earnings,1400.0
ArtSimpleExample,12,Simple_4,Opinion Earnings,530.0
ArtSimpleExample,12,Simple_3,Opinion-Sensing Costs,-32.0
ArtSimpleExample,12,Simple_3,Opinion Costs,-220.0
ArtSimpleExample,12,Simple_3,Client Earnings,2200.0
ArtSimpleExample,12,Simple_3,Certainty Earnings,2.0
ArtSimpleExample,12,Simple_3,Opinion Earnings,40.0
ArtSimpleExample,13,Simple_2,Opinion-Sensing Costs,-56.0
ArtSimpleExample,13,Simple_2,Client Earnings,2100.0
ArtSimpleExample,13,Simple_2,Certainty Earnings,4.0
ArtSimpleExample,13,Simple_2,Opinion Earnings,70.0
ArtSimpleExample,13,Cheating_1,Opinion Costs,-60.0
ArtSimpleExample,13,Cheating_1,Client Earnings,1200.0
ArtSimpleExample,13,Simple_1,Opinion-Sensing Costs,-224.02
ArtSimpleExample,13,Simple_1,Opinion Costs,-130.0
ArtSimpleExample,13,Simple_1,Client Earnings,1300.0
ArtSimpleExample,13,Simple_1,Opinion Earnings,300.0
ArtSimpleExample,13,ForTrust,Opinion-Sensing Costs,-150.5
ArtSimpleExample,13,ForTrust,Opinion Costs,-370.0
ArtSimpleExample,13,ForTrust,Certainty Costs,-10.0
ArtSimpleExample,13,ForTrust,Client Earnings,2800.0
ArtSimpleExample,13,ForTrust,Opinion Earnings,510.0
ArtSimpleExample,13,Lazy_2,Opinion Costs,-260.0
ArtSimpleExample,13,Lazy_2,Client Earnings,2600.0
ArtSimpleExample,13,Lazy_2,Certainty Earnings,2.0
ArtSimpleExample,13,Lazy_1,Opinion Costs,-240.0
ArtSimpleExample,13,Lazy_1,Client Earnings,2400.0
ArtSimpleExample,13,Lazy_1,Certainty Earnings,4.0
ArtSimpleExample,13,Simple_4,Opinion-Sensing Costs,-56.0
ArtSimpleExample,13,Simple_4,Opinion Costs,-130.0
ArtSimpleExample,13,Simple_4,Client Earnings,1300.0
ArtSimpleExample,13,Simple_4,Opinion Earnings,70.0
ArtSimpleExample,13,Simple_3,Opinion-Sensing Costs,-184.01
ArtSimpleExample,13,Simple_3,Client Earnings,2300.0
ArtSimpleExample,13,Simple_3,Opinion Earnings,240.0
ArtSimpleExample,14,Simple_2,Opinion-Sensing Costs,-56.0
ArtSimpleExample,14,Simple_2,Opinion Costs,-140.0
ArtSimpleExample,14,Simple_2,Client Earnings,1400.0
ArtSimpleExample,14,Simple_2,Certainty Earnings,2.0
ArtSimpleExample,14,Simple_2,Opinion Earnings,70.0
ArtSimpleExample,14,Cheating_1,Opinion Costs,-10.0
ArtSimpleExample,14,Cheating_1,Client Earnings,200.0
ArtSimpleExample,14,Simple_1,Opinion-Sensing Costs,-528.01
ArtSimpleExample,14,Simple_1,Opinion Costs,-230.0
ArtSimpleExample,14,Simple_1,Client Earnings,2300.0
ArtSimpleExample,14,Simple_1,Opinion Earnings,670.0
ArtSimpleExample,14,ForTrust,Opinion Costs,-370.0
ArtSimpleExample,14,ForTrust,Certainty Costs,-6.0
ArtSimpleExample,14,ForTrust,Client Earnings,2800.0
ArtSimpleExample,14,Lazy_2,Opinion Costs,-240.0
ArtSimpleExample,14,Lazy_2,Client Earnings,2400.0
ArtSimpleExample,14,Lazy_2,Certainty Earnings,2.0
ArtSimpleExample,14,Lazy_1,Opinion Costs,-250.0
ArtSimpleExample,14,Lazy_1,Client Earnings,2500.0
ArtSimpleExample,14,Simple_4,Opinion-Sensing Costs,-640.0
ArtSimpleExample,14,Simple_4,Opinion Costs,-290.0
ArtSimpleExample,14,Simple_4,Client Earnings,2900.0
ArtSimpleExample,14,Simple_4,Certainty Earnings,2.0
ArtSimpleExample,14,Simple_4,Opinion Earnings,800.0
ArtSimpleExample,14,Simple_3,Opinion-Sensing Costs,-112.0
ArtSimpleExample,14,Simple_3,Opinion Costs,-150.0
ArtSimpleExample,14,Simple_3,Client Earnings,1500.0
ArtSimpleExample,14,Simple_3,Opinion Earnings,140.0
ArtSimpleExample,15,Simple_2,Opinion-Sensing Costs,-120.0
ArtSimpleExample,15,Simple_2,Opinion Costs,-170.0
ArtSimpleExample,15,Simple_2,Client Earnings,1700.0
ArtSimpleExample,15,Simple_2,Certainty Earnings,2.0
ArtSimpleExample,15,Simple_2,Opinion Earnings,150.0
ArtSimpleExample,15,Cheating_1,Client Earnings,100.0
ArtSimpleExample,15,Simple_1,Opinion-Sensing Costs,-216.0
ArtSimpleExample,15,Simple_1,Opinion Costs,-200.0
ArtSimpleExample,15,Simple_1,Client Earnings,2000.0
ArtSimpleExample,15,Simple_1,Certainty Earnings,2.0
ArtSimpleExample,15,Simple_1,Opinion Earnings,270.0
ArtSimpleExample,15,ForTrust,Opinion-Sensing Costs,-51.0
ArtSimpleExample,15,ForTrust,Opinion Costs,-410.0
ArtSimpleExample,15,ForTrust,Certainty Costs,-10.0
ArtSimpleExample,15,ForTrust,Client Earnings,2600.0
ArtSimpleExample,15,ForTrust,Opinion Earnings,170.0
ArtSimpleExample,15,Lazy_2,Client Earnings,2300.0
ArtSimpleExample,15,Lazy_1,Opinion Costs,-200.0
ArtSimpleExample,15,Lazy_1,Client Earnings,2000.0
ArtSimpleExample,15,Lazy_1,Certainty Earnings,2.0
ArtSimpleExample,15,Simple_4,Opinion-Sensing Costs,-400.0
ArtSimpleExample,15,Simple_4,Client Earnings,2700.0
ArtSimpleExample,15,Simple_4,Opinion Earnings,500.0
ArtSimpleExample,15,Simple_3,Opinion-Sensing Costs,-120.0
ArtSimpleExample,15,Simple_3,Opinion Costs,-260.0
ArtSimpleExample,15,Simple_3,Client Earnings,2600.0
ArtSimpleExample,15,Simple_3,Certainty Earnings,4.0
ArtSimpleExample,15,Simple_3,Opinion Earnings,150.0
ArtSimpleExample,16,Simple_2,Opinion-Sensing Costs,-216.0
ArtSimpleExample,16,Simple_2,Opinion Costs,-220.0
ArtSimpleExample,16,Simple_2,Client Earnings,2200.0
ArtSimpleExample,16,Simple_2,Certainty Earnings,2.0
ArtSimpleExample,16,Simple_2,Opinion Earnings,270.0
ArtSimpleExample,16,Cheating_1,Opinion Costs,-60.0
ArtSimpleExample,16,Cheating_1,Client Earnings,1100.0
ArtSimpleExample,16,Simple_1,Opinion-Sensing Costs,-56.0
ArtSimpleExample,16,Simple_1,Opinion Costs,-230.0
ArtSimpleExample,16,Simple_1,Client Earnings,2300.0
ArtSimpleExample,16,Simple_1,Certainty Earnings,4.0
ArtSimpleExample,16,Simple_1,Opinion Earnings,70.0
ArtSimpleExample,16,ForTrust,Opinion-Sensing Costs,-183.5
ArtSimpleExample,16,ForTrust,Opinion Costs,-390.0
ArtSimpleExample,16,ForTrust,Certainty Costs,-20.0
ArtSimpleExample,16,ForTrust,Client Earnings,3000.0
ArtSimpleExample,16,ForTrust,Opinion Earnings,620.0
ArtSimpleExample,16,Lazy_2,Opinion Costs,-130.0
ArtSimpleExample,16,Lazy_2,Client Earnings,1300.0
ArtSimpleExample,16,Lazy_2,Certainty Earnings,4.0
ArtSimpleExample,16,Lazy_1,Opinion Costs,-210.0
ArtSimpleExample,16,Lazy_1,Client Earnings,2100.0
ArtSimpleExample,16,Lazy_1,Certainty Earnings,4.0
ArtSimpleExample,16,Simple_4,Opinion-Sensing Costs,-48.0
ArtSimpleExample,16,Simple_4,Opinion Costs,-130.0
ArtSimpleExample,16,Simple_4,Client Earnings,1300.0
ArtSimpleExample,16,Simple_4,Certainty Earnings,4.0
ArtSimpleExample,16,Simple_4,Opinion Earnings,60.0
ArtSimpleExample,16,Simple_3,Opinion-Sensing Costs,-472.03
ArtSimpleExample,16,Simple_3,Opinion Costs,-270.0
ArtSimpleExample,16,Simple_3,Client Earnings,2700.0
ArtSimpleExample,16,Simple_3,Certainty Earnings,2.0
ArtSimpleExample,16,Simple_3,Opinion Earnings,620.0
ArtSimpleExample,17,Simple_2,Opinion-Sensing Costs,-120.0
ArtSimpleExample,17,Simple_2,Opinion Costs,-170.0
ArtSimpleExample,17,Simple_2,Client Earnings,1700.0
ArtSimpleExample,17,Simple_2,Certainty Earnings,2.0
ArtSimpleExample,17,Simple_2,Opinion Earnings,150.0
ArtSimpleExample,17,Cheating_1,Opinion Costs,-20.0
ArtSimpleExample,17,Cheating_1,Client Earnings,200.0
ArtSimpleExample,17,Simple_1,Opinion-Sensing Costs,-416.0
ArtSimpleExample,17,Simple_1,Opinion Costs,-240.0
ArtSimpleExample,17,Simple_1,Client Earnings,2400.0
ArtSimpleExample,17,Simple_1,Certainty Earnings,2.0
ArtSimpleExample,17,Simple_1,Opinion Earnings,520.0
ArtSimpleExample,17,ForTrust,Opinion-Sensing Costs,-93.0
ArtSimpleExample,17,ForTrust,Opinion Costs,-400.0
ArtSimpleExample,17,ForTrust,Certainty Costs,-10.0
ArtSimpleExample,17,ForTrust,Client Earnings,2600.0
ArtSimpleExample,17,ForTrust,Opinion Earnings,310.0
ArtSimpleExample,17,Lazy_2,Opinion Costs,-310.0
ArtSimpleExample,17,Lazy_2,Client Earnings,3100.0
ArtSimpleExample,17,Lazy_1,Opinion Costs,-260.0
ArtSimpleExample,17,Lazy_1,Client Earnings,2600.0
ArtSimpleExample,17,Lazy_1,Certainty Earnings,2.0
ArtSimpleExample,17,Simple_4,Opinion-Sensing Costs,-240.01
ArtSimpleExample,17,Simple_4,Client Earnings,1600.0
ArtSimpleExample,17,Simple_4,Certainty Earnings,2.0
ArtSimpleExample,17,Simple_4,Opinion Earnings,310.0
ArtSimpleExample,17,Simple_3,Opinion-Sensing Costs,-232.0
ArtSimpleExample,17,Simple_3,Opinion Costs,-180.0
ArtSimpleExample,17,Simple_3,Client Earnings,1800.0
ArtSimpleExample,17,Simple_3,Certainty Earnings,2.0
ArtSimpleExample,17,Simple_3,Opinion Earnings,290.0
ArtSimpleExample,18,Simple_2,Opinion-Sensing Costs,-40.0
ArtSimpleExample,18,Simple_2,Client Earnings,1400.0
ArtSimpleExample,18,Simple_2,Certainty Earnings,2.0
ArtSimpleExample,18,Simple_2,Opinion Earnings,50.0
ArtSimpleExample,18,Cheating_1,Opinion Costs,-10.0
ArtSimpleExample,18,Cheating_1,Client Earnings,400.0
ArtSimpleExample,18,Simple_1,Opinion-Sensing Costs,-112.01
ArtSimpleExample,18,Simple_1,Client Earnings,3000.0
ArtSimpleExample,18,Simple_1,Certainty Earnings,2.0
ArtSimpleExample,18,Simple_1,Opinion Earnings,150.0
ArtSimpleExample,18,ForTrust,Opinion Costs,-440.0
ArtSimpleExample,18,ForTrust,Certainty Costs,-8.0
ArtSimpleExample,18,ForTrust,Client Earnings,3000.0
ArtSimpleExample,18,Lazy_2,Opinion Costs,-170.0
ArtSimpleExample,18,Lazy_2,Client Earnings,1700.0
ArtSimpleExample,18,Lazy_1,Client Earnings,3000.0
ArtSimpleExample,18,Simple_4,Opinion-Sensing Costs,-248.0
ArtSimpleExample,18,Simple_4,Opinion Costs,-140.0
ArtSimpleExample,18,Simple_4,Client Earnings,1400.0
ArtSimpleExample,18,Simple_4,Certainty Earnings,2.0
ArtSimpleExample,18,Simple_4,Opinion Earnings,310.0
ArtSimpleExample,18,Simple_3,Opinion-Sensing Costs,-200.0
ArtSimpleExample,18,Simple_3,Client Earnings,2100.0
ArtSimpleExample,18,Simple_3,Certainty Earnings,2.0
ArtSimpleExample,18,Simple_3,Opinion Earnings,250.0
ArtSimpleExample,19,Simple_2,Opinion-Sensing Costs,-72.0
ArtSimpleExample,19,Simple_2,Opinion Costs,-150.0
ArtSimpleExample,19,Simple_2,Client Earnings,1500.0
ArtSimpleExample,19,Simple_2,Certainty Earnings,2.0
ArtSimpleExample,19,Simple_2,Opinion Earnings,90.0
ArtSimpleExample,19,Cheating_1,Opinion Costs,-10.0
ArtSimpleExample,19,Cheating_1,Client Earnings,200.0
ArtSimpleExample,19,Simple_1,Opinion-Sensing Costs,-392.0
ArtSimpleExample,19,Simple_1,Client Earnings,1700.0
ArtSimpleExample,19,Simple_1,Certainty Earnings,4.0
ArtSimpleExample,19,Simple_1,Opinion Earnings,490.0
ArtSimpleExample,19,ForTrust,Opinion-Sensing Costs,-45.0
ArtSimpleExample,19,ForTrust,Opinion Costs,-540.0
ArtSimpleExample,19,ForTrust,Certainty Costs,-10.0
ArtSimpleExample,19,ForTrust,Client Earnings,3700.0
ArtSimpleExample,19,ForTrust,Opinion Earnings,150.0
ArtSimpleExample,19,Lazy_2,Client Earnings,3100.0
ArtSimpleExample,19,Lazy_2,Certainty Earnings,2.0
ArtSimpleExample,19,Lazy_1,Opinion Costs,-170.0
ArtSimpleExample,19,Lazy_1,Client Earnings,1700.0
ArtSimpleExample,19,Simple_4,Opinion-Sensing Costs,-72.01
ArtSimpleExample,19,Simple_4,Opinion Costs,-250.0
ArtSimpleExample,19,Simple_4,Client Earnings,2500.0
ArtSimpleExample,19,Simple_4,Opinion Earnings,100.0
ArtSimpleExample,19,Simple_3,Opinion-Sensing Costs,-360.0
ArtSimpleExample,19,Simple_3,Opinion Costs,-160.0
ArtSimpleExample,19,Simple_3,Client Earnings,1600.0
ArtSimpleExample,19,Simple_3,Certainty Earnings,2.0
ArtSimpleExample,19,Simple_3,Opinion Earnings,450.0
ArtSimpleExample,20,Simple_2,Opinion-Sensing Costs,-40.0
ArtSimpleExample,20,Simple_2,Opinion Costs,-210.0
ArtSimpleExample,20,Simple_2,Client Earnings,2100.0
ArtSimpleExample,20,Simple_2,Opinion Earnings,50.0
ArtSimpleExample,20,Cheating_1,Opinion Costs,-20.0
ArtSimpleExample,20,Cheating_1,Client Earnings,300.0
ArtSimpleExample,20,Simple_1,Opinion-Sensing Costs,-240.0
ArtSimpleExample,20,Simple_1,Client Earnings,1300.0
ArtSimpleExample,20,Simple_1,Opinion Earnings,300.0
ArtSimpleExample,20,ForTrust,Opinion-Sensing Costs,-147.0
ArtSimpleExample,20,ForTrust,Opinion Costs,-430.0
ArtSimpleExample,20,ForTrust,Certainty Costs,-12.0
ArtSimpleExample,20,ForTrust,Client Earnings,2900.0
ArtSimpleExample,20,ForTrust,Opinion Earnings,490.0
ArtSimpleExample,20,Lazy_2,Opinion Costs,-140.0
ArtSimpleExample,20,Lazy_2,Client Earnings,1400.0
ArtSimpleExample,20,Lazy_2,Certainty Earnings,4.0
ArtSimpleExample,20,Lazy_1,Opinion Costs,-290.0
ArtSimpleExample,20,Lazy_1,Client Earnings,2900.0
ArtSimpleExample,20,Lazy_1,Certainty Earnings,2.0
ArtSimpleExample,20,Simple_4,Opinion-Sensing Costs,-296.0
ArtSimpleExample,20,Simple_4,Opinion Costs,-280.0
ArtSimpleExample,20,Simple_4,Client Earnings,2800.0
ArtSimpleExample,20,Simple_4,Certainty Earnings,2.0
ArtSimpleExample,20,Simple_4,Opinion Earnings,370.0
ArtSimpleExample,20,Simple_3,Opinion-Sensing Costs,-120.01
ArtSimpleExample,20,Simple_3,Client Earnings,2300.0
ArtSimpleExample,20,Simple_3,Certainty Earnings,4.0
ArtSimpleExample,20,Simple_3,Opinion Earnings,160.0
ArtSimpleExample,21,Simple_2,Opinion-Sensing Costs,-184.0
ArtSimpleExample,21,Simple_2,Client Earnings,2200.0
ArtSimpleExample,21,Simple_2,Certainty Earnings,2.0
ArtSimpleExample,21,Simple_2,Opinion Earnings,230.0
ArtSimpleExample,21,Cheating_1,Opinion Costs,-20.0
ArtSimpleExample,21,Cheating_1,Client Earnings,200.0
ArtSimpleExample,21,Simple_1,Opinion-Sensing Costs,-152.0
ArtSimpleExample,21,Simple_1,Client Earnings,1500.0
ArtSimpleExample,21,Simple_1,Opinion Earnings,190.0
ArtSimpleExample,21,ForTrust,Opinion-Sensing Costs,-48.5
ArtSimpleExample,21,ForTrust,Opinion Costs,-500.0
ArtSimpleExample,21,ForTrust,Certainty Costs,-6.0
ArtSimpleExample,21,ForTrust,Client Earnings,3300.0
ArtSimpleExample,21,ForTrust,Opinion Earnings,170.0
ArtSimpleExample,21,Lazy_2,Opinion Costs,-290.0
ArtSimpleExample,21,Lazy_2,Client Earnings,2900.0
ArtSimpleExample,21,Lazy_1,Opinion Costs,-270.0
ArtSimpleExample,21,Lazy_1,Client Earnings,2700.0
ArtSimpleExample,21,Lazy_1,Certainty Earnings,2.0
ArtSimpleExample,21,Simple_4,Opinion-Sensing Costs,-304.01
ArtSimpleExample,21,Simple_4,Opinion Costs,-160.0
ArtSimpleExample,21,Simple_4,Client Earnings,1600.0
ArtSimpleExample,21,Simple_4,Certainty Earnings,2.0
ArtSimpleExample,21,Simple_4,Opinion Earnings,390.0
ArtSimpleExample,21,Simple_3,Opinion-Sensing Costs,-336.0
ArtSimpleExample,21,Simple_3,Opinion Costs,-160.0
ArtSimpleExample,21,Simple_3,Client Earnings,1600.0
ArtSimpleExample,21,Simple_3,Opinion Earnings,420.0
ArtSimpleExample,22,Simple_2,Opinion-Sensing Costs,-432.0
ArtSimpleExample,22,Simple_2,Opinion Costs,-170.0
ArtSimpleExample,22,Simple_2,Client Earnings,1700.0
ArtSimpleExample,22,Simple_2,Opinion Earnings,540.0
ArtSimpleExample,22,Cheating_1,Opinion-Sensing Costs,-0.017000000000000008
ArtSimpleExample,22,Cheating_1,Opinion Costs,-10.0
ArtSimpleExample,22,Cheating_1,Client Earnings,100.0
ArtSimpleExample,22,Cheating_1,Opinion Earnings,170.0
ArtSimpleExample,22,Simple_1,Opinion-Sensing Costs,-496.01
ArtSimpleExample,22,Simple_1,Opinion Costs,-160.0
ArtSimpleExample,22,Simple_1,Client Earnings,1600.0
ArtSimpleExample,22,Simple_1,Opinion Earnings,630.0
ArtSimpleExample,22,ForTrust,Opinion Costs,-500.0
ArtSimpleExample,22,ForTrust,Certainty Costs,-4.0
ArtSimpleExample,22,ForTrust,Client Earnings,3400.0
ArtSimpleExample,22,Lazy_2,Opinion Costs,-260.0
ArtSimpleExample,22,Lazy_2,Client Earnings,2600.0
ArtSimpleExample,22,Lazy_2,Certainty Earnings,2.0
ArtSimpleExample,22,Lazy_1,Opinion Costs,-260.0
ArtSimpleExample,22,Lazy_1,Client Earnings,2600.0
ArtSimpleExample,22,Simple_4,Opinion-Sensing Costs,-112.0
ArtSimpleExample,22,Simple_4,Opinion Costs,-160.0
ArtSimpleExample,22,Simple_4,Client Earnings,1600.0
ArtSimpleExample,22,Simple_4,Certainty Earnings,2.0
ArtSimpleExample,22,Simple_4,Opinion Earnings,140.0
ArtSimpleExample,22,Simple_3,Opinion-Sensing Costs,-224.0
ArtSimpleExample,22,Simple_3,Opinion Costs,-240.0
ArtSimpleExample,22,Simple_3,Client Earnings,2400.0
ArtSimpleExample,22,Simple_3,Opinion Earnings,280.0
ArtSimpleExample,23,Simple_2,Opinion-Sensing Costs,-648.0
ArtSimpleExample,23,Simple_2,Opinion Costs,-120.0
ArtSimpleExample,23,Simple_2,Client Earnings,1200.0
ArtSimpleExample,23,Simple_2,Opinion Earnings,810.0
ArtSimpleExample,23,Cheating_1,Opinion Costs,-10.0
ArtSimpleExample,23,Cheating_1,Client Earnings,100.0
ArtSimpleExample,23,Simple_1,Opinion-Sensing Costs,-488.01
ArtSimpleExample,23,Simple_1,Opinion Costs,-210.0
ArtSimpleExample,23,Simple_1,Client Earnings,2100.0
ArtSimpleExample,23,Simple_1,Opinion Earnings,620.0
ArtSimpleExample,23,ForTrust,Opinion Costs,-520.0
ArtSimpleExample,23,ForTrust,Certainty Costs,-2.0
ArtSimpleExample,23,ForTrust,Client Earnings,3200.0
ArtSimpleExample,23,Lazy_2,Opinion Costs,-210.0
ArtSimpleExample,23,Lazy_2,Client Earnings,2100.0
ArtSimpleExample,23,Lazy_1,Opinion Costs,-220.0
ArtSimpleExample,23,Lazy_1,Client Earnings,2200.0
ArtSimpleExample,23,Simple_4,Opinion-Sensing Costs,-192.0
ArtSimpleExample,23,Simple_4,Opinion Costs,-280.0
ArtSimpleExample,23,Simple_4,Client Earnings,2800.0
ArtSimpleExample,23,Simple_4,Opinion Earnings,240.0
ArtSimpleExample,23,Simple_3,Opinion-Sensing Costs,-104.0
ArtSimpleExample,23,Simple_3,Opinion Costs,-230.0
ArtSimpleExample,23,Simple_3,Client Earnings,2300.0
ArtSimpleExample,23,Simple_3,Certainty Earnings,2.0
ArtSimpleExample,23,Simple_3,Opinion Earnings,130.0
ArtSimpleExample,24,Simple_2,Opinion-Sensing Costs,-264.0
ArtSimpleExample,24,Simple_2,Client Earnings,2200.0
ArtSimpleExample,24,Simple_2,Certainty Earnings,4.0
ArtSimpleExample,24,Simple_2,Opinion Earnings,330.0
ArtSimpleExample,24,Cheating_1,Client Earnings,100.0
ArtSimpleExample,24,Simple_1,Opinion-Sensing Costs,-464.0
ArtSimpleExample,24,Simple_1,Client Earnings,2400.0
ArtSimpleExample,24,Simple_1,Certainty Earnings,2.0
ArtSimpleExample,24,Simple_1,Opinion Earnings,580.0
ArtSimpleExample,24,ForTrust,Opinion Costs,-430.0
ArtSimpleExample,24,ForTrust,Certainty Costs,-14.0
ArtSimpleExample,24,ForTrust,Client Earnings,2800.0
ArtSimpleExample,24,Lazy_2,Opinion Costs,-240.0
ArtSimpleExample,24,Lazy_2,Client Earnings,2400.0
ArtSimpleExample,24,Lazy_2,Certainty Earnings,4.0
ArtSimpleExample,24,Lazy_1,Client Earnings,2000.0
ArtSimpleExample,24,Simple_4,Opinion-Sensing Costs,-48.0
ArtSimpleExample,24,Simple_4,Opinion Costs,-220.0
ArtSimpleExample,24,Simple_4,Client Earnings,2200.0
ArtSimpleExample,24,Simple_4,Certainty Earnings,2.0
ArtSimpleExample,24,Simple_4,Opinion Earnings,60.0
ArtSimpleExample,24,Simple_3,Opinion-Sensing Costs,-88.0
ArtSimpleExample,24,Simple_3,Opinion Costs,-190.0
ArtSimpleExample,24,Simple_3,Client Earnings,1900.0
ArtSimpleExample,24,Simple_3,Certainty Earnings,2.0
ArtSimpleExample,24,Simple_3,Opinion Earnings,110.0
ArtSimpleExample,25,Simple_2,Opinion-Sensing Costs,-448.01
ArtSimpleExample,25,Simple_2,Client Earnings,1400.0
ArtSimpleExample,25,Simple_2,Certainty Earnings,4.0
ArtSimpleExample,25,Simple_2,Opinion Earnings,570.0
ArtSimpleExample,25,Cheating_1,Opinion Costs,-50.0
ArtSimpleExample,25,Cheating_1,Client Earnings,1200.0
ArtSimpleExample,25,Simple_1,Opinion-Sensing Costs,-56.0
ArtSimpleExample,25,Simple_1,Opinion Costs,-140.0
ArtSimpleExample,25,Simple_1,Client Earnings,1400.0
ArtSimpleExample,25,Simple_1,Certainty Earnings,2.0
ArtSimpleExample,25,Simple_1,Opinion Earnings,70.0
ArtSimpleExample,25,ForTrust,Opinion-Sensing Costs,-82.0
ArtSimpleExample,25,ForTrust,Opinion Costs,-500.0
ArtSimpleExample,25,ForTrust,Certainty Costs,-12.0
ArtSimpleExample,25,ForTrust,Client Earnings,3500.0
ArtSimpleExample,25,ForTrust,Opinion Earnings,290.0
ArtSimpleExample,25,Lazy_2,Opinion Costs,-250.0
ArtSimpleExample,25,Lazy_2,Client Earnings,2500.0
ArtSimpleExample,25,Lazy_1,Client Earnings,1300.0
ArtSimpleExample,25,Lazy_1,Certainty Earnings,2.0
ArtSimpleExample,25,Simple_4,Opinion-Sensing Costs,-64.0
ArtSimpleExample,25,Simple_4,Opinion Costs,-200.0
ArtSimpleExample,25,Simple_4,Client Earnings,2000.0
ArtSimpleExample,25,Simple_4,Certainty Earnings,2.0
ArtSimpleExample,25,Simple_4,Opinion Earnings,80.0
ArtSimpleExample,25,Simple_3,Opinion-Sensing Costs,-304.02
ArtSimpleExample,25,Simple_3,Opinion Costs,-270.0
ArtSimpleExample,25,Simple_3,Client Earnings,2700.0
ArtSimpleExample,25,Simple_3,Certainty Earnings,2.0
ArtSimpleExample,25,Simple_3,Opinion Earnings,400.0
ArtSimpleExample,26,Simple_2,Opinion-Sensing Costs,-216.0
ArtSimpleExample,26,Simple_2,Opinion Costs,-140.0
ArtSimpleExample,26,Simple_2,Client Earnings,1400.0
ArtSimpleExample,26,Simple_2,Certainty Earnings,2.0
ArtSimpleExample,26,Simple_2,Opinion Earnings,270.0
ArtSimpleExample,26,Cheating_1,Opinion Costs,-20.0
ArtSimpleExample,26,Cheating_1,Client Earnings,200.0
ArtSimpleExample,26,Simple_1,Opinion-Sensing Costs,-448.01
ArtSimpleExample,26,Simple_1,Client Earnings,2500.0
ArtSimpleExample,26,Simple_1,Certainty Earnings,2.0
ArtSimpleExample,26,Simple_1,Opinion Earnings,570.0
ArtSimpleExample,26,ForTrust,Opinion Costs,-510.0
ArtSimpleExample,26,ForTrust,Certainty Costs,-6.0
ArtSimpleExample,26,ForTrust,Client Earnings,3200.0
ArtSimpleExample,26,Lazy_2,Opinion Costs,-190.0
ArtSimpleExample,26,Lazy_2,Client Earnings,1900.0
ArtSimpleExample,26,Lazy_1,Opinion Costs,-130.0
ArtSimpleExample,26,Lazy_1,Client Earnings,1300.0
ArtSimpleExample,26,Simple_4,Opinion-Sensing Costs,-168.0
ArtSimpleExample,26,Simple_4,Opinion Costs,-350.0
ArtSimpleExample,26,Simple_4,Client Earnings,3500.0
ArtSimpleExample,26,Simple_4,Opinion Earnings,210.0
ArtSimpleExample,26,Simple_3,Opinion-Sensing Costs,-224.01
ArtSimpleExample,26,Simple_3,Client Earnings,2000.0
ArtSimpleExample,26,Simple_3,Certainty Earnings,2.0
ArtSimpleExample,26,Simple_3,Opinion Earnings,290.0
ArtSimpleExample,27,Simple_2,Opinion-Sensing Costs,-112.0
ArtSimpleExample,27,Simple_2,Opinion Costs,-240.0
ArtSimpleExample,27,Simple_2,Client Earnings,2400.0
ArtSimpleExample,27,Simple_2,Certainty Earnings,2.0
ArtSimpleExample,27,Simple_2,Opinion Earnings,140.0
ArtSimpleExample,27,Cheating_1,Client Earnings,100.0
ArtSimpleExample,27,Simple_1,Opinion-Sensing Costs,-296.0
ArtSimpleExample,27,Simple_1,Opinion Costs,-140.0
ArtSimpleExample,27,Simple_1,Client Earnings,1400.0
ArtSimpleExample,27,Simple_1,Certainty Earnings,6.0
ArtSimpleExample,27,Simple_1,Opinion Earnings,370.0
ArtSimpleExample,27,ForTrust,Opinion Costs,-500.0
ArtSimpleExample,27,ForTrust,Certainty Costs,-16.0
ArtSimpleExample,27,ForTrust,Client Earnings,3700.0
ArtSimpleExample,27,Lazy_2,Opinion Costs,-140.0
ArtSimpleExample,27,Lazy_2,Client Earnings,1400.0
ArtSimpleExample,27,Lazy_2,Certainty Earnings,4.0
ArtSimpleExample,27,Lazy_1,Opinion Costs,-260.0
ArtSimpleExample,27,Lazy_1,Client Earnings,2600.0
ArtSimpleExample,27,Simple_4,Opinion-Sensing Costs,-496.0
ArtSimpleExample,27,Simple_4,Client Earnings,3000.0
ArtSimpleExample,27,Simple_4,Opinion Earnings,620.0
ArtSimpleExample,27,Simple_3,Opinion-Sensing Costs,-232.0
ArtSimpleExample,27,Simple_3,Opinion Costs,-140.0
ArtSimpleExample,27,Simple_3,Client Earnings,1400.0
ArtSimpleExample,27,Simple_3,Certainty Earnings,4.0
ArtSimpleExample,27,Simple_3,Opinion Earnings,290.0
ArtSimpleExample,28,Simple_2,Opinion-Sensing Costs,-56.01
ArtSimpleExample,28,Simple_2,Opinion Costs,-210.0
ArtSimpleExample,28,Simple_2,Client Earnings,2100.0
ArtSimpleExample,28,Simple_2,Opinion Earnings,80.0
ArtSimpleExample,28,Cheating_1,Opinion Costs,-50.0
ArtSimpleExample,28,Cheating_1,Client Earnings,1100.0
ArtSimpleExample,28,Simple_1,Opinion-Sensing Costs,-152.01999999999998
ArtSimpleExample,28,Simple_1,Client Earnings,1700.0
ArtSimpleExample,28,Simple_1,Opinion Earnings,210.0
ArtSimpleExample,28,ForTrust,Opinion-Sensing Costs,-0.5
ArtSimpleExample,28,ForTrust,Opinion Costs,-330.0
ArtSimpleExample,28,ForTrust,Certainty Costs,-6.0
ArtSimpleExample,28,ForTrust,Client Earnings,2300.0
ArtSimpleExample,28,ForTrust,Opinion Earnings,10.0
ArtSimpleExample,28,Lazy_2,Opinion Costs,-270.0
ArtSimpleExample,28,Lazy_2,Client Earnings,2700.0
ArtSimpleExample,28,Lazy_1,Client Earnings,2600.0
ArtSimpleExample,28,Lazy_1,Certainty Earnings,2.0
ArtSimpleExample,28,Simple_4,Opinion-Sensing Costs,-272.0
ArtSimpleExample,28,Simple_4,Opinion Costs,-130.0
ArtSimpleExample,28,Simple_4,Client Earnings,1300.0
ArtSimpleExample,28,Simple_4,Opinion Earnings,340.0
ArtSimpleExample,28,Simple_3,Opinion-Sensing Costs,-272.01
ArtSimpleExample,28,Simple_3,Client Earnings,2200.0
ArtSimpleExample,28,Simple_3,Certainty Earnings,4.0
ArtSimpleExample,28,Simple_3,Opinion Earnings,350.0
ArtSimpleExample,29,Simple_2,Opinion-Sensing Costs,-408.0
ArtSimpleExample,29,Simple_2,Client Earnings,2400.0
ArtSimpleExample,29,Simple_2,Certainty Earnings,2.0
ArtSimpleExample,29,Simple_2,Opinion Earnings,510.0
ArtSimpleExample,29,Cheating_1,Opinion Costs,-20.0
ArtSimpleExample,29,Cheating_1,Client Earnings,200.0
ArtSimpleExample,29,Simple_1,Opinion-Sensing Costs,-304.0
ArtSimpleExample,29,Simple_1,Opinion Costs,-160.0
ArtSimpleExample,29,Simple_1,Client Earnings,1600.0
ArtSimpleExample,29,Simple_1,Certainty Earnings,2.0
ArtSimpleExample,29,Simple_1,Opinion Earnings,380.0
ArtSimpleExample,29,ForTrust,Opinion-Sensing Costs,-0.5
ArtSimpleExample,29,ForTrust,Opinion Costs,-500.0
ArtSimpleExample,29,ForTrust,Certainty Costs,-24.0
ArtSimpleExample,29,ForTrust,Client Earnings,3300.0
ArtSimpleExample,29,ForTrust,Opinion Earnings,10.0
ArtSimpleExample,29,Lazy_2,Opinion Costs,-270.0
ArtSimpleExample,29,Lazy_2,Client Earnings,2700.0
ArtSimpleExample,29,Lazy_2,Certainty Earnings,6.0
ArtSimpleExample,29,Lazy_1,Client Earnings,1700.0
ArtSimpleExample,29,Lazy_1,Certainty Earnings,6.0
ArtSimpleExample,29,Simple_4,Opinion-Sensing Costs,-120.01
ArtSimpleExample,29,Simple_4,Opinion Costs,-230.0
ArtSimpleExample,29,Simple_4,Client Earnings,2300.0
ArtSimpleExample,29,Simple_4,Certainty Earnings,8.0
ArtSimpleExample,29,Simple_4,Opinion Earnings,160.0
ArtSimpleExample,29,Simple_3,Opinion-Sensing Costs,-232.0
ArtSimpleExample,29,Simple_3,Opinion Costs,-170.0
ArtSimpleExample,29,Simple_3,Client Earnings,1700.0
ArtSimpleExample,29,Simple_3,Opinion Earnings,290.0
ArtSimpleExample,30,Simple_2,Opinion-Sensing Costs,-72.0
ArtSimpleExample,30,Simple_2,Opinion Costs,-150.0
ArtSimpleExample,30,Simple_2,Client Earnings,1500.0
ArtSimpleExample,30,Simple_2,Opinion Earnings,90.0
ArtSimpleExample,30,Cheating_1,Opinion Costs,-50.0
ArtSimpleExample,30,Cheating_1,Client Earnings,600.0
ArtSimpleExample,30,Simple_1,Opinion-Sensing Costs,-424.02
ArtSimpleExample,30,Simple_1,Opinion Costs,-200.0
ArtSimpleExample,30,Simple_1,Client Earnings,2000.0
ArtSimpleExample,30,Simple_1,Opinion Earnings,550.0
ArtSimpleExample,30,ForTrust,Opinion-Sensing Costs,-105.0
ArtSimpleExample,30,ForTrust,Opinion Costs,-440.0
ArtSimpleExample,30,ForTrust,Certainty Costs,-4.0
ArtSimpleExample,30,ForTrust,Client Earnings,2800.0
ArtSimpleExample,30,ForTrust,Opinion Earnings,350.0
ArtSimpleExample,30,Lazy_2,Client Earnings,3100.0
ArtSimpleExample,30,Lazy_1,Opinion Costs,-150.0
ArtSimpleExample,30,Lazy_1,Client Earnings,1500.0
ArtSimpleExample,30,Lazy_1,Certainty Earnings,2.0
ArtSimpleExample,30,Simple_4,Opinion-Sensing Costs,-256.0
ArtSimpleExample,30,Simple_4,Opinion Costs,-250.0
ArtSimpleExample,30,Simple_4,Client Earnings,2500.0
ArtSimpleExample,30,Simple_4,Certainty Earnings,2.0
ArtSimpleExample,30,Simple_4,Opinion Earnings,320.0
ArtSimpleExample,30,Simple_3,Opinion-Sensing Costs,-80.03000000000002
ArtSimpleExample,30,Simple_3,Opinion Costs,-200.0
ArtSimpleExample,30,Simple_3,Client Earnings,2000.0
ArtSimpleExample,30,Simple_3,Opinion Earnings,130.0
ArtSimpleExample,31,Simple_2,Opinion-Sensing Costs,-384.0
ArtSimpleExample,31,Simple_2,Opinion Costs,-230.0
ArtSimpleExample,31,Simple_2,Client Earnings,2300.0
ArtSimpleExample,31,Simple_2,Certainty Earnings,2.0
ArtSimpleExample,31,Simple_2,Opinion Earnings,480.0
ArtSimpleExample,31,Cheating_1,Opinion Costs,-10.0
ArtSimpleExample,31,Cheating_1,Client Earnings,100.0
ArtSimpleExample,31,Simple_1,Opinion-Sensing Costs,-104.0
ArtSimpleExample,31,Simple_1,Client Earnings,2300.0
ArtSimpleExample,31,Simple_1,Opinion Earnings,130.0
ArtSimpleExample,31,ForTrust,Opinion-Sensing Costs,-51.0
ArtSimpleExample,31,ForTrust,Opinion Costs,-540.0
ArtSimpleExample,31,ForTrust,Certainty Costs,-4.0
ArtSimpleExample,31,ForTrust,Client Earnings,3400.0
ArtSimpleExample,31,ForTrust,Opinion Earnings,170.0
ArtSimpleExample,31,Lazy_2,Opinion Costs,-140.0
ArtSimpleExample,31,Lazy_2,Client Earnings,1400.0
ArtSimpleExample,31,Lazy_2,Certainty Earnings,2.0
ArtSimpleExample,31,Lazy_1,Opinion Costs,-210.0
ArtSimpleExample,31,Lazy_1,Client Earnings,2100.0
ArtSimpleExample,31,Simple_4,Opinion-Sensing Costs,-296.0
ArtSimpleExample,31,Simple_4,Client Earnings,2700.0
ArtSimpleExample,31,Simple_4,Opinion Earnings,370.0
ArtSimpleExample,31,Simple_3,Opinion-Sensing Costs,-112.01
ArtSimpleExample,31,Simple_3,Opinion Costs,-170.0
ArtSimpleExample,31,Simple_3,Client Earnings,1700.0
ArtSimpleExample,31,Simple_3,Opinion Earnings,150.0
ArtSimpleExample,32,Simple_2,Opinion-Sensing Costs,-80.0
ArtSimpleExample,32,Simple_2,Client Earnings,3000.0
ArtSimpleExample,32,Simple_2,Opinion Earnings,100.0
ArtSimpleExample,32,Cheating_1,Client Earnings,100.0
ArtSimpleExample,32,Simple_1,Opinion-Sensing Costs,-144.0
ArtSimpleExample,32,Simple_1,Opinion Costs,-150.0
ArtSimpleExample,32,Simple_1,Client Earnings,1500.0
ArtSimpleExample,32,Simple_1,Certainty Earnings,2.0
ArtSimpleExample,32,Simple_1,Opinion Earnings,180.0
ArtSimpleExample,32,ForTrust,Opinion-Sensing Costs,-45.0
ArtSimpleExample,32,ForTrust,Opinion Costs,-520.0
ArtSimpleExample,32,ForTrust,Certainty Costs,-10.0
ArtSimpleExample,32,ForTrust,Client Earnings,3500.0
ArtSimpleExample,32,ForTrust,Opinion Earnings,150.0
ArtSimpleExample,32,Lazy_2,Client Earnings,2200.0
ArtSimpleExample,32,Lazy_2,Certainty Earnings,2.0
ArtSimpleExample,32,Lazy_1,Opinion Costs,-260.0
ArtSimpleExample,32,Lazy_1,Client Earnings,2600.0
ArtSimpleExample,32,Simple_4,Opinion-Sensing Costs,-296.0
ArtSimpleExample,32,Simple_4,Client Earnings,1600.0
ArtSimpleExample,32,Simple_4,Certainty Earnings,4.0
ArtSimpleExample,32,Simple_4,Opinion Earnings,370.0
ArtSimpleExample,32,Simple_3,Opinion-Sensing Costs,-104.0
ArtSimpleExample,32,Simple_3,Client Earnings,1500.0
ArtSimpleExample,32,Simple_3,Certainty Earnings,2.0
ArtSimpleExample,32,Simple_3,Opinion Earnings,130.0
ArtSimpleExample,33,Simple_2,Opinion-Sensing Costs,-144.01999999999998
ArtSimpleExample,33,Simple_2,Client Earnings,1600.0
ArtSimpleExample,33,Simple_2,Certainty Earnings,4.0
ArtSimpleExample,33,Simple_2,Opinion Earnings,200.0
ArtSimpleExample,33,Cheating_1,Opinion Costs,-90.0
ArtSimpleExample,33,Cheating_1,Client Earnings,1300.0
ArtSimpleExample,33,Simple_1,Opinion-Sensing Costs,-360.0
ArtSimpleExample,33,Simple_1,Opinion Costs,-250.0
ArtSimpleExample,33,Simple_1,Client Earnings,2500.0
ArtSimpleExample,33,Simple_1,Opinion Earnings,450.0
ArtSimpleExample,33,ForTrust,Opinion-Sensing Costs,-120.5
ArtSimpleExample,33,ForTrust,Opinion Costs,-570.0
ArtSimpleExample,33,ForTrust,Certainty Costs,-10.0
ArtSimpleExample,33,ForTrust,Client Earnings,3700.0
ArtSimpleExample,33,ForTrust,Opinion Earnings,410.0
ArtSimpleExample,33,Lazy_2,Opinion Costs,-150.0
ArtSimpleExample,33,Lazy_2,Client Earnings,1500.0
ArtSimpleExample,33,Lazy_2,Certainty Earnings,2.0
ArtSimpleExample,33,Lazy_1,Opinion Costs,-250.0
ArtSimpleExample,33,Lazy_1,Client Earnings,2500.0
ArtSimpleExample,33,Lazy_1,Certainty Earnings,2.0
ArtSimpleExample,33,Simple_4,Opinion-Sensing Costs,-296.03
ArtSimpleExample,33,Simple_4,Opinion Costs,-150.0
ArtSimpleExample,33,Simple_4,Client Earnings,1500.0
ArtSimpleExample,33,Simple_4,Certainty Earnings,2.0
ArtSimpleExample,33,Simple_4,Opinion Earnings,400.0
ArtSimpleExample,33,Simple_3,Opinion-Sensing Costs,-88.03000000000002
ArtSimpleExample,33,Simple_3,Opinion Costs,-140.0
ArtSimpleExample,33,Simple_3,Client Earnings,1400.0
ArtSimpleExample,33,Simple_3,Opinion Earnings,140.0
ArtSimpleExample,34,Simple_2,Opinion-Sensing Costs,-96.0
ArtSimpleExample,34,Simple_2,Opinion Costs,-130.0
ArtSimpleExample,34,Simple_2,Client Earnings,1300.0
ArtSimpleExample,34,Simple_2,Certainty Earnings,2.0
ArtSimpleExample,34,Simple_2,Opinion Earnings,120.0
ArtSimpleExample,34,Cheating_1,Opinion Costs,-20.0
ArtSimpleExample,34,Cheating_1,Client Earnings,200.0
ArtSimpleExample,34,Simple_1,Opinion-Sensing Costs,-584.01
ArtSimpleExample,34,Simple_1,Client Earnings,2300.0
ArtSimpleExample,34,Simple_1,Certainty Earnings,2.0
ArtSimpleExample,34,Simple_1,Opinion Earnings,740.0
ArtSimpleExample,34,ForTrust,Opinion-Sensing Costs,-66.0
ArtSimpleExample,34,ForTrust,Opinion Costs,-500.0
ArtSimpleExample,34,ForTrust,Certainty Costs,-4.0
ArtSimpleExample,34,ForTrust,Client Earnings,3000.0
ArtSimpleExample,34,ForTrust,Opinion Earnings,220.0
ArtSimpleExample,34,Lazy_2,Opinion Costs,-220.0
ArtSimpleExample,34,Lazy_2,Client Earnings,2200.0
ArtSimpleExample,34,Lazy_1,Client Earnings,1800.0
ArtSimpleExample,34,Simple_4,Opinion-Sensing Costs,-200.0
ArtSimpleExample,34,Simple_4,Opinion Costs,-130.0
ArtSimpleExample,34,Simple_4,Client Earnings,1300.0
ArtSimpleExample,34,Simple_4,Opinion Earnings,250.0
ArtSimpleExample,34,Simple_3,Opinion-Sensing Costs,-40.01
ArtSimpleExample,34,Simple_3,Opinion Costs,-390.0
ArtSimpleExample,34,Simple_3,Client Earnings,3900.0
ArtSimpleExample,34,Simple_3,Opinion Earnings,60.0
ArtSimpleExample,35,Simple_2,Opinion-Sensing Costs,-240.0
ArtSimpleExample,35,Simple_2,Opinion Costs,-310.0
ArtSimpleExample,35,Simple_2,Client Earnings,3100.0
ArtSimpleExample,35,Simple_2,Certainty Earnings,4.0
ArtSimpleExample,35,Simple_2,Opinion Earnings,300.0
ArtSimpleExample,35,Cheating_1,Client Earnings,200.0
ArtSimpleExample,35,Simple_1,Opinion-Sensing Costs,-416.0
ArtSimpleExample,35,Simple_1,Opinion Costs,-150.0
ArtSimpleExample,35,Simple_1,Client Earnings,1500.0
ArtSimpleExample,35,Simple_1,Certainty Earnings,2.0
ArtSimpleExample,35,Simple_1,Opinion Earnings,520.0
ArtSimpleExample,35,ForTrust,Opinion-Sensing Costs,-132.0
ArtSimpleExample,35,ForTrust,Opinion Costs,-430.0
ArtSimpleExample,35,ForTrust,Certainty Costs,-16.0
ArtSimpleExample,35,ForTrust,Client Earnings,3300.0
ArtSimpleExample,35,ForTrust,Opinion Earnings,440.0
ArtSimpleExample,35,Lazy_2,Opinion Costs,-150.0
ArtSimpleExample,35,Lazy_2,Client Earnings,1500.0
ArtSimpleExample,35,Lazy_2,Certainty Earnings,2.0
ArtSimpleExample,35,Lazy_1,Opinion Costs,-140.0
ArtSimpleExample,35,Lazy_1,Client Earnings,1400.0
ArtSimpleExample,35,Lazy_1,Certainty Earnings,2.0
ArtSimpleExample,35,Simple_4,Opinion-Sensing Costs,-112.0
ArtSimpleExample,35,Simple_4,Client Earnings,2100.0
ArtSimpleExample,35,Simple_4,Certainty Earnings,2.0
ArtSimpleExample,35,Simple_4,Opinion Earnings,140.0
ArtSimpleExample,35,Simple_3,Opinion-Sensing Costs,-56.0
ArtSimpleExample,35,Simple_3,Opinion Costs,-290.0
ArtSimpleExample,35,Simple_3,Client Earnings,2900.0
ArtSimpleExample,35,Simple_3,Certainty Earnings,4.0
ArtSimpleExample,35,Simple_3,Opinion Earnings,70.0
ArtSimpleExample,36,Simple_2,Opinion-Sensing Costs,-416.04999999999995
ArtSimpleExample,36,Simple_2,Opinion Costs,-260.0
ArtSimpleExample,36,Simple_2,Client Earnings,2600.0
ArtSimpleExample,36,Simple_2,Certainty Earnings,2.0
ArtSimpleExample,36,Simple_2,Opinion Earnings,570.0
ArtSimpleExample,36,Cheating_1,Opinion Costs,-70.0
ArtSimpleExample,36,Cheating_1,Client Earnings,1200.0
ArtSimpleExample,36,Simple_1,Opinion-Sensing Costs,-64.01
ArtSimpleExample,36,Simple_1,Opinion Costs,-250.0
ArtSimpleExample,36,Simple_1,Client Earnings,2500.0
ArtSimpleExample,36,Simple_1,Certainty Earnings,2.0
ArtSimpleExample,36,Simple_1,Opinion Earnings,90.0
ArtSimpleExample,36,ForTrust,Opinion-Sensing Costs,-159.0
ArtSimpleExample,36,ForTrust,Opinion Costs,-420.0
ArtSimpleExample,36,ForTrust,Certainty Costs,-12.0
ArtSimpleExample,36,ForTrust,Client Earnings,2800.0
ArtSimpleExample,36,ForTrust,Opinion Earnings,530.0
ArtSimpleExample,36,Lazy_2,Opinion Costs,-130.0
ArtSimpleExample,36,Lazy_2,Client Earnings,1300.0
ArtSimpleExample,36,Lazy_2,Certainty Earnings,2.0
ArtSimpleExample,36,Lazy_1,Opinion Costs,-280.0
ArtSimpleExample,36,Lazy_1,Client Earnings,2800.0
ArtSimpleExample,36,Lazy_1,Certainty Earnings,2.0
ArtSimpleExample,36,Simple_4,Opinion-Sensing Costs,-320.0
ArtSimpleExample,36,Simple_4,Opinion Costs,-140.0
ArtSimpleExample,36,Simple_4,Client Earnings,1400.0
ArtSimpleExample,36,Simple_4,Opinion Earnings,400.0
ArtSimpleExample,36,Simple_3,Opinion-Sensing Costs,-72.01
ArtSimpleExample,36,Simple_3,Opinion Costs,-140.0
ArtSimpleExample,36,Simple_3,Client Earnings,1400.0
ArtSimpleExample,36,Simple_3,Certainty Earnings,4.0
ArtSimpleExample,36,Simple_3,Opinion Earnings,100.0
ArtSimpleExample,37,Simple_2,Opinion-Sensing Costs,-216.0
ArtSimpleExample,37,Simple_2,Opinion Costs,-250.0
ArtSimpleExample,37,Simple_2,Client Earnings,2500.0
ArtSimpleExample,37,Simple_2,Certainty Earnings,4.0
ArtSimpleExample,37,Simple_2,Opinion Earnings,270.0
ArtSimpleExample,37,Cheating_1,Client Earnings,200.0
ArtSimpleExample,37,Simple_1,Opinion-Sensing Costs,-248.0
ArtSimpleExample,37,Simple_1,Opinion Costs,-270.0
ArtSimpleExample,37,Simple_1,Client Earnings,2700.0
ArtSimpleExample,37,Simple_1,Certainty Earnings,2.0
ArtSimpleExample,37,Simple_1,Opinion Earnings,310.0
ArtSimpleExample,37,ForTrust,Opinion Costs,-470.0
ArtSimpleExample,37,ForTrust,Certainty Costs,-14.0
ArtSimpleExample,37,ForTrust,Client Earnings,3400.0
ArtSimpleExample,37,Lazy_2,Client Earnings,1200.0
ArtSimpleExample,37,Lazy_2,Certainty Earnings,2.0
ArtSimpleExample,37,Lazy_1,Client Earnings,2400.0
ArtSimpleExample,37,Lazy_1,Certainty Earnings,2.0
ArtSimpleExample,37,Simple_4,Opinion-Sensing Costs,-96.0
ArtSimpleExample,37,Simple_4,Opinion Costs,-130.0
ArtSimpleExample,37,Simple_4,Client Earnings,1300.0
ArtSimpleExample,37,Simple_4,Certainty Earnings,2.0
ArtSimpleExample,37,Simple_4,Opinion Earnings,120.0
ArtSimpleExample,37,Simple_3,Opinion-Sensing Costs,-520.0
ArtSimpleExample,37,Simple_3,Opinion Costs,-230.0
ArtSimpleExample,37,Simple_3,Client Earnings,2300.0
ArtSimpleExample,37,Simple_3,Certainty Earnings,2.0
ArtSimpleExample,37,Simple_3,Opinion Earnings,650.0
ArtSimpleExample,38,Simple_2,Opinion-Sensing Costs,-280.0
ArtSimpleExample,38,Simple_2,Opinion Costs,-210.0
ArtSimpleExample,38,Simple_2,Client Earnings,2100.0
ArtSimpleExample,38,Simple_2,Opinion Earnings,350.0
ArtSimpleExample,38,Cheating_1,Opinion Costs,-90.0
ArtSimpleExample,38,Cheating_1,Client Earnings,1300.0
ArtSimpleExample,38,Simple_1,Opinion-Sensing Costs,-256.06000000000006
ArtSimpleExample,38,Simple_1,Opinion Costs,-200.0
ArtSimpleExample,38,Simple_1,Client Earnings,2000.0
ArtSimpleExample,38,Simple_1,Certainty Earnings,2.0
ArtSimpleExample,38,Simple_1,Opinion Earnings,380.0
ArtSimpleExample,38,ForTrust,Opinion-Sensing Costs,-42.5
ArtSimpleExample,38,ForTrust,Opinion Costs,-410.0
ArtSimpleExample,38,ForTrust,Certainty Costs,-2.0
ArtSimpleExample,38,ForTrust,Client Earnings,2600.0
ArtSimpleExample,38,ForTrust,Opinion Earnings,150.0
ArtSimpleExample,38,Lazy_2,Opinion Costs,-140.0
ArtSimpleExample,38,Lazy_2,Client Earnings,1400.0
ArtSimpleExample,38,Lazy_1,Client Earnings,1500.0
ArtSimpleExample,38,Simple_4,Opinion-Sensing Costs,-328.02
ArtSimpleExample,38,Simple_4,Opinion Costs,-230.0
ArtSimpleExample,38,Simple_4,Client Earnings,2300.0
ArtSimpleExample,38,Simple_4,Opinion Earnings,430.0
ArtSimpleExample,38,Simple_3,Opinion-Sensing Costs,-200.0
ArtSimpleExample,38,Simple_3,Opinion Costs,-280.0
ArtSimpleExample,38,Simple_3,Client Earnings,2800.0
ArtSimpleExample,38,Simple_3,Opinion Earnings,250.0
ArtSimpleExample,39,Simple_2,Opinion-Sensing Costs,-256.0
ArtSimpleExample,39,Simple_2,Opinion Costs,-400.0
ArtSimpleExample,39,Simple_2,Client Earnings,4000.0
ArtSimpleExample,39,Simple_2,Opinion Earnings,320.0
ArtSimpleExample,39,Cheating_1,Opinion Costs,-10.0
ArtSimpleExample,39,Cheating_1,Client Earnings,200.0
ArtSimpleExample,39,Simple_1,Opinion-Sensing Costs,-536.0
ArtSimpleExample,39,Simple_1,Opinion Costs,-270.0
ArtSimpleExample,39,Simple_1,Client Earnings,2700.0
ArtSimpleExample,39,Simple_1,Opinion Earnings,670.0
ArtSimpleExample,39,ForTrust,Opinion-Sensing Costs,-0.5
ArtSimpleExample,39,ForTrust,Opinion Costs,-360.0
ArtSimpleExample,39,ForTrust,Certainty Costs,-8.0
ArtSimpleExample,39,ForTrust,Client Earnings,2700.0
ArtSimpleExample,39,ForTrust,Opinion Earnings,10.0
ArtSimpleExample,39,Lazy_2,Opinion Costs,-130.0
ArtSimpleExample,39,Lazy_2,Client Earnings,1300.0
ArtSimpleExample,39,Lazy_2,Certainty Earnings,4.0
ArtSimpleExample,39,Lazy_1,Opinion Costs,-130.0
ArtSimpleExample,39,Lazy_1,Client Earnings,1300.0
ArtSimpleExample,39,Lazy_1,Certainty Earnings,4.0
ArtSimpleExample,39,Simple_4,Opinion-Sensing Costs,-168.0
ArtSimpleExample,39,Simple_4,Opinion Costs,-140.0
ArtSimpleExample,39,Simple_4,Client Earnings,1400.0
ArtSimpleExample,39,Simple_4,Opinion Earnings,210.0
ArtSimpleExample,39,Simple_3,Opinion-Sensing Costs,-184.0
ArtSimpleExample,39,Simple_3,Client Earnings,2300.0
ArtSimpleExample,39,Simple_3,Opinion Earnings,230.0
ArtSimpleExample,40,Simple_2,Opinion-Sensing Costs,-512.01
ArtSimpleExample,40,Simple_2,Opinion Costs,-240.0
ArtSimpleExample,40,Simple_2,Client Earnings,2400.0
ArtSimpleExample,40,Simple_2,Certainty Earnings,2.0
ArtSimpleExample,40,Simple_2,Opinion Earnings,650.0
ArtSimpleExample,40,Cheating_1,Opinion Costs,-100.0
ArtSimpleExample,40,Cheating_1,Client Earnings,1600.0
ArtSimpleExample,40,Simple_1,Opinion-Sensing Costs,-64.04000000000002
ArtSimpleExample,40,Simple_1,Opinion Costs,-320.0
ArtSimpleExample,40,Simple_1,Client Earnings,3200.0
ArtSimpleExample,40,Simple_1,Certainty Earnings,2.0
ArtSimpleExample,40,Simple_1,Opinion Earnings,120.0
ArtSimpleExample,40,ForTrust,Opinion-Sensing Costs,-0.5
ArtSimpleExample,40,ForTrust,Opinion Costs,-370.0
ArtSimpleExample,40,ForTrust,Certainty Costs,-12.0
ArtSimpleExample,40,ForTrust,Client Earnings,2800.0
ArtSimpleExample,40,ForTrust,Opinion Earnings,10.0
ArtSimpleExample,40,Lazy_2,Client Earnings,1000.0
ArtSimpleExample,40,Lazy_2,Certainty Earnings,2.0
ArtSimpleExample,40,Lazy_1,Opinion Costs,-170.0
ArtSimpleExample,40,Lazy_1,Client Earnings,1700.0
ArtSimpleExample,40,Simple_4,Opinion-Sensing Costs,-64.01
ArtSimpleExample,40,Simple_4,Opinion Costs,-220.0
ArtSimpleExample,40,Simple_4,Client Earnings,2200.0
ArtSimpleExample,40,Simple_4,Certainty Earnings,6.0
ArtSimpleExample,40,Simple_4,Opinion Earnings,90.0
ArtSimpleExample,40,Simple_3,Opinion-Sensing Costs,-504.03
ArtSimpleExample,40,Simple_3,Opinion Costs,-110.0
ArtSimpleExample,40,Simple_3,Client Earnings,1100.0
ArtSimpleExample,40,Simple_3,Opinion Earnings,660.0
ArtSimpleExample,41,Simple_2,Opinion-Sensing Costs,-40.01
ArtSimpleExample,41,Simple_2,Opinion Costs,-230.0
ArtSimpleExample,41,Simple_2,Client Earnings,2300.0
ArtSimpleExample,41,Simple_2,Opinion Earnings,60.0
ArtSimpleExample,41,Cheating_1,Opinion Costs,-10.0
ArtSimpleExample,41,Cheating_1,Client Earnings,200.0
ArtSimpleExample,41,Simple_1,Opinion-Sensing Costs,-160.0
ArtSimpleExample,41,Simple_1,Client Earnings,2300.0
ArtSimpleExample,41,Simple_1,Certainty Earnings,2.0
ArtSimpleExample,41,Simple_1,Opinion Earnings,200.0
ArtSimpleExample,41,ForTrust,Opinion-Sensing Costs,-69.0
ArtSimpleExample,41,ForTrust,Opinion Costs,-380.0
ArtSimpleExample,41,ForTrust,Certainty Costs,-16.0
ArtSimpleExample,41,ForTrust,Client Earnings,2400.0
ArtSimpleExample,41,ForTrust,Opinion Earnings,230.0
ArtSimpleExample,41,Lazy_2,Opinion Costs,-130.0
ArtSimpleExample,41,Lazy_2,Client Earnings,1300.0
ArtSimpleExample,41,Lazy_2,Certainty Earnings,4.0
ArtSimpleExample,41,Lazy_1,Opinion Costs,-240.0
ArtSimpleExample,41,Lazy_1,Client Earnings,2400.0
ArtSimpleExample,41,Lazy_1,Certainty Earnings,4.0
ArtSimpleExample,41,Simple_4,Opinion-Sensing Costs,-304.0
ArtSimpleExample,41,Simple_4,Client Earnings,2200.0
ArtSimpleExample,41,Simple_4,Certainty Earnings,4.0
ArtSimpleExample,41,Simple_4,Opinion Earnings,380.0
ArtSimpleExample,41,Simple_3,Opinion-Sensing Costs,-96.0
ArtSimpleExample,41,Simple_3,Client Earnings,2900.0
ArtSimpleExample,41,Simple_3,Certainty Earnings,2.0
ArtSimpleExample,41,Simple_3,Opinion Earnings,120.0
ArtSimpleExample,42,Simple_2,Opinion-Sensing Costs,-128.01
ArtSimpleExample,42,Simple_2,Client Earnings,2500.0
ArtSimpleExample,42,Simple_2,Certainty Earnings,6.0
ArtSimpleExample,42,Simple_2,Opinion Earnings,170.0
ArtSimpleExample,42,Cheating_1,Opinion Costs,-10.0
ArtSimpleExample,42,Cheating_1,Client Earnings,100.0
ArtSimpleExample,42,Simple_1,Opinion-Sensing Costs,-288.0
ArtSimpleExample,42,Simple_1,Client Earnings,1700.0
ArtSimpleExample,42,Simple_1,Certainty Earnings,2.0
ArtSimpleExample,42,Simple_1,Opinion Earnings,360.0
ArtSimpleExample,42,ForTrust,Opinion-Sensing Costs,-48.0
ArtSimpleExample,42,ForTrust,Opinion Costs,-760.0
ArtSimpleExample,42,ForTrust,Certainty Costs,-12.0
ArtSimpleExample,42,ForTrust,Client Earnings,4700.0
ArtSimpleExample,42,ForTrust,Opinion Earnings,160.0
ArtSimpleExample,42,Lazy_2,Client Earnings,2000.0
ArtSimpleExample,42,Lazy_2,Certainty Earnings,2.0
ArtSimpleExample,42,Lazy_1,Opinion Costs,-170.0
ArtSimpleExample,42,Lazy_1,Client Earnings,1700.0
ArtSimpleExample,42,Simple_4,Opinion-Sensing Costs,-296.0
ArtSimpleExample,42,Simple_4,Opinion Costs,-160.0
ArtSimpleExample,42,Simple_4,Client Earnings,1600.0
ArtSimpleExample,42,Simple_4,Certainty Earnings,2.0
ArtSimpleExample,42,Simple_4,Opinion Earnings,370.0
ArtSimpleExample,42,Simple_3,Opinion-Sensing Costs,-168.0
ArtSimpleExample,42,Simple_3,Opinion Costs,-170.0
ArtSimpleExample,42,Simple_3,Client Earnings,1700.0
ArtSimpleExample,42,Simple_3,Opinion Earnings,210.0
ArtSimpleExample,43,Simple_2,Opinion-Sensing Costs,-160.0
ArtSimpleExample,43,Simple_2,Client Earnings,1500.0
ArtSimpleExample,43,Simple_2,Certainty Earnings,4.0
ArtSimpleExample,43,Simple_2,Opinion Earnings,200.0
ArtSimpleExample,43,Cheating_1,Opinion Costs,-10.0
ArtSimpleExample,43,Cheating_1,Client Earnings,100.0
ArtSimpleExample,43,Simple_1,Opinion-Sensing Costs,-488.0
ArtSimpleExample,43,Simple_1,Opinion Costs,-150.0
ArtSimpleExample,43,Simple_1,Client Earnings,1500.0
ArtSimpleExample,43,Simple_1,Opinion Earnings,610.0
ArtSimpleExample,43,ForTrust,Opinion-Sensing Costs,-90.5
ArtSimpleExample,43,ForTrust,Opinion Costs,-600.0
ArtSimpleExample,43,ForTrust,Certainty Costs,-10.0
ArtSimpleExample,43,ForTrust,Client Earnings,4000.0
ArtSimpleExample,43,ForTrust,Opinion Earnings,310.0
ArtSimpleExample,43,Lazy_2,Opinion Costs,-150.0
ArtSimpleExample,43,Lazy_2,Client Earnings,1500.0
ArtSimpleExample,43,Lazy_1,Opinion Costs,-200.0
ArtSimpleExample,43,Lazy_1,Client Earnings,2000.0
ArtSimpleExample,43,Simple_4,Opinion-Sensing Costs,-144.0
ArtSimpleExample,43,Simple_4,Opinion Costs,-140.0
ArtSimpleExample,43,Simple_4,Client Earnings,1400.0
ArtSimpleExample,43,Simple_4,Opinion Earnings,180.0
ArtSimpleExample,43,Simple_3,Opinion-Sensing Costs,-280.0
ArtSimpleExample,43,Simple_3,Opinion Costs,-400.0
ArtSimpleExample,43,Simple_3,Client Earnings,4000.0
ArtSimpleExample,43,Simple_3,Certainty Earnings,6.0
ArtSimpleExample,43,Simple_3,Opinion Earnings,350.0
ArtSimpleExample,44,Simple_2,Opinion-Sensing Costs,-16.100000000000016
ArtSimpleExample,44,Simple_2,Client Earnings,800.0
ArtSimpleExample,44,Simple_2,Opinion Earnings,120.0
ArtSimpleExample,44,Cheating_1,Opinion Costs,-520.0
ArtSimpleExample,44,Cheating_1,Client Earnings,7100.0
ArtSimpleExample,44,Simple_1,Opinion-Sensing Costs,-168.08999999999997
ArtSimpleExample,44,Simple_1,Opinion Costs,-130.0
ArtSimpleExample,44,Simple_1,Client Earnings,1300.0
ArtSimpleExample,44,Simple_1,Certainty Earnings,2.0
ArtSimpleExample,44,Simple_1,Opinion Earnings,300.0
ArtSimpleExample,44,ForTrust,Opinion-Sensing Costs,-3.5
ArtSimpleExample,44,ForTrust,Opinion Costs,-220.0
ArtSimpleExample,44,ForTrust,Certainty Costs,-4.0
ArtSimpleExample,44,ForTrust,Client Earnings,1900.0
ArtSimpleExample,44,ForTrust,Opinion Earnings,70.0
ArtSimpleExample,44,Lazy_2,Opinion Costs,-90.0
ArtSimpleExample,44,Lazy_2,Client Earnings,900.0
ArtSimpleExample,44,Lazy_1,Client Earnings,1000.0
ArtSimpleExample,44,Simple_4,Opinion-Sensing Costs,-128.13999999999987
ArtSimpleExample,44,Simple_4,Opinion Costs,-160.0
ArtSimpleExample,44,Simple_4,Client Earnings,1600.0
ArtSimpleExample,44,Simple_4,Opinion Earnings,300.0
ArtSimpleExample,44,Simple_3,Opinion-Sensing Costs,-168.1199999999999
ArtSimpleExample,44,Simple_3,Client Earnings,1400.0
ArtSimpleExample,44,Simple_3,Certainty Earnings,2.0
ArtSimpleExample,44,Simple_3,Opinion Earnings,330.0
ArtSimpleExample,45,Simple_2,Opinion-Sensing Costs,-208.02999999999997
ArtSimpleExample,45,Simple_2,Opinion Costs,-180.0
ArtSimpleExample,45,Simple_2,Client Earnings,1800.0
ArtSimpleExample,45,Simple_2,Certainty Earnings,4.0
ArtSimpleExample,45,Simple_2,Opinion Earnings,290.0
ArtSimpleExample,45,Cheating_1,Opinion Costs,-60.0
ArtSimpleExample,45,Cheating_1,Client Earnings,800.0
ArtSimpleExample,45,Simple_1,Opinion-Sensing Costs,-368.02
ArtSimpleExample,45,Simple_1,Client Earnings,2700.0
ArtSimpleExample,45,Simple_1,Certainty Earnings,2.0
ArtSimpleExample,45,Simple_1,Opinion Earnings,480.0
ArtSimpleExample,45,ForTrust,Opinion Costs,-440.0
ArtSimpleExample,45,ForTrust,Certainty Costs,-14.0
ArtSimpleExample,45,ForTrust,Client Earnings,3100.0
ArtSimpleExample,45,Lazy_2,Opinion Costs,-180.0
ArtSimpleExample,45,Lazy_2,Client Earnings,1800.0
ArtSimpleExample,45,Lazy_2,Certainty Earnings,2.0
ArtSimpleExample,45,Lazy_1,Opinion Costs,-180.0
ArtSimpleExample,45,Lazy_1,Client Earnings,1800.0
ArtSimpleExample,45,Lazy_1,Certainty Earnings,2.0
ArtSimpleExample,45,Simple_4,Opinion-Sensing Costs,-104.01
ArtSimpleExample,45,Simple_4,Client Earnings,2200.0
ArtSimpleExample,45,Simple_4,Certainty Earnings,2.0
ArtSimpleExample,45,Simple_4,Opinion Earnings,140.0
ArtSimpleExample,45,Simple_3,Opinion-Sensing Costs,-104.0
ArtSimpleExample,45,Simple_3,Client Earnings,1800.0
ArtSimpleExample,45,Simple_3,Certainty Earnings,2.0
ArtSimpleExample,45,Simple_3,Opinion Earnings,130.0
ArtSimpleExample,46,Simple_2,Opinion-Sensing Costs,-736.0
ArtSimpleExample,46,Simple_2,Opinion Costs,-290.0
ArtSimpleExample,46,Simple_2,Client Earnings,2900.0
ArtSimpleExample,46,Simple_2,Opinion Earnings,920.0
ArtSimpleExample,46,Cheating_1,Opinion Costs,-20.0
ArtSimpleExample,46,Cheating_1,Client Earnings,200.0
ArtSimpleExample,46,Simple_1,Opinion-Sensing Costs,-192.01
ArtSimpleExample,46,Simple_1,Opinion Costs,-180.0
ArtSimpleExample,46,Simple_1,Client Earnings,1800.0
ArtSimpleExample,46,Simple_1,Opinion Earnings,250.0
ArtSimpleExample,46,ForTrust,Opinion Costs,-510.0
ArtSimpleExample,46,ForTrust,Client Earnings,3100.0
ArtSimpleExample,46,Lazy_2,Opinion Costs,-280.0
ArtSimpleExample,46,Lazy_2,Client Earnings,2800.0
ArtSimpleExample,46,Lazy_1,Opinion Costs,-170.0
ArtSimpleExample,46,Lazy_1,Client Earnings,1700.0
ArtSimpleExample,46,Simple_4,Opinion-Sensing Costs,-128.0
ArtSimpleExample,46,Simple_4,Opinion Costs,-170.0
ArtSimpleExample,46,Simple_4,Client Earnings,1700.0
ArtSimpleExample,46,Simple_4,Opinion Earnings,160.0
ArtSimpleExample,46,Simple_3,Opinion-Sensing Costs,-360.01
ArtSimpleExample,46,Simple_3,Opinion Costs,-170.0
ArtSimpleExample,46,Simple_3,Client Earnings,1700.0
ArtSimpleExample,46,Simple_3,Opinion Earnings,460.0
ArtSimpleExample,47,Simple_2,Opinion-Sensing Costs,-368.0
ArtSimpleExample,47,Simple_2,Client Earnings,1700.0
ArtSimpleExample,47,Simple_2,Opinion Earnings,460.0
ArtSimpleExample,47,Cheating_1,Client Earnings,100.0
ArtSimpleExample,47,Simple_1,Opinion-Sensing Costs,-64.0
ArtSimpleExample,47,Simple_1,Opinion Costs,-250.0
ArtSimpleExample,47,Simple_1,Client Earnings,2500.0
ArtSimpleExample,47,Simple_1,Opinion Earnings,80.0
ArtSimpleExample,47,ForTrust,Opinion-Sensing Costs,-192.0
ArtSimpleExample,47,ForTrust,Opinion Costs,-610.0
ArtSimpleExample,47,ForTrust,Client Earnings,3800.0
ArtSimpleExample,47,ForTrust,Opinion Earnings,640.0
ArtSimpleExample,47,Lazy_2,Opinion Costs,-180.0
ArtSimpleExample,47,Lazy_2,Client Earnings,1800.0
ArtSimpleExample,47,Lazy_1,Opinion Costs,-210.0
ArtSimpleExample,47,Lazy_1,Client Earnings,2100.0
ArtSimpleExample,47,Simple_4,Opinion-Sensing Costs,-144.0
ArtSimpleExample,47,Simple_4,Opinion Costs,-130.0
ArtSimpleExample,47,Simple_4,Client Earnings,1300.0
ArtSimpleExample,47,Simple_4,Opinion Earnings,180.0
ArtSimpleExample,47,Simple_3,Opinion-Sensing Costs,-232.0
ArtSimpleExample,47,Simple_3,Opinion Costs,-270.0
ArtSimpleExample,47,Simple_3,Client Earnings,2700.0
ArtSimpleExample,47,Simple_3,Opinion Earnings,290.0
ArtSimpleExample,48,Simple_2,Opinion-Sensing Costs,-80.02000000000001
ArtSimpleExample,48,Simple_2,Client Earnings,1300.0
ArtSimpleExample,48,Simple_2,Certainty Earnings,2.0
ArtSimpleExample,48,Simple_2,Opinion Earnings,120.0
ArtSimpleExample,48,Cheating_1,Opinion Costs,-80.0
ArtSimpleExample,48,Cheating_1,Client Earnings,1100.0
ArtSimpleExample,48,Simple_1,Opinion-Sensing Costs,-256.02
ArtSimpleExample,48,Simple_1,Opinion Costs,-190.0
ArtSimpleExample,48,Simple_1,Client Earnings,1900.0
ArtSimpleExample,48,Simple_1,Certainty Earnings,6.0
ArtSimpleExample,48,Simple_1,Opinion Earnings,340.0
ArtSimpleExample,48,ForTrust,Opinion-Sensing Costs,-57.0
ArtSimpleExample,48,ForTrust,Opinion Costs,-510.0
ArtSimpleExample,48,ForTrust,Certainty Costs,-16.0
ArtSimpleExample,48,ForTrust,Client Earnings,3300.0
ArtSimpleExample,48,ForTrust,Opinion Earnings,190.0
ArtSimpleExample,48,Lazy_2,Client Earnings,1300.0
ArtSimpleExample,48,Lazy_1,Opinion Costs,-220.0
ArtSimpleExample,48,Lazy_1,Client Earnings,2200.0
ArtSimpleExample,48,Lazy_1,Certainty Earnings,2.0
ArtSimpleExample,48,Simple_4,Opinion-Sensing Costs,-152.02999999999997
ArtSimpleExample,48,Simple_4,Client Earnings,2400.0
ArtSimpleExample,48,Simple_4,Certainty Earnings,4.0
ArtSimpleExample,48,Simple_4,Opinion Earnings,220.0
ArtSimpleExample,48,Simple_3,Opinion-Sensing Costs,-96.01
ArtSimpleExample,48,Simple_3,Client Earnings,2500.0
ArtSimpleExample,48,Simple_3,Certainty Earnings,2.0
ArtSimpleExample,48,Simple_3,Opinion Earnings,130.0
ArtSimpleExample,49,Simple_2,Opinion-Sensing Costs,-472.01
ArtSimpleExample,49,Simple_2,Client Earnings,1700.0
ArtSimpleExample,49,Simple_2,Opinion Earnings,600.0
ArtSimpleExample,49,Cheating_1,Opinion Costs,-20.0
ArtSimpleExample,49,Cheating_1,Client Earnings,200.0
ArtSimpleExample,49,Simple_1,Opinion-Sensing Costs,-184.0
ArtSimpleExample,49,Simple_1,Opinion Costs,-320.0
ArtSimpleExample,49,Simple_1,Client Earnings,3200.0
ArtSimpleExample,49,Simple_1,Certainty Earnings,4.0
ArtSimpleExample,49,Simple_1,Opinion Earnings,230.0
ArtSimpleExample,49,ForTrust,Opinion Costs,-560.0
ArtSimpleExample,49,ForTrust,Certainty Costs,-20.0
ArtSimpleExample,49,ForTrust,Client Earnings,3800.0
ArtSimpleExample,49,Lazy_2,Opinion Costs,-170.0
ArtSimpleExample,49,Lazy_2,Client Earnings,1700.0
ArtSimpleExample,49,Lazy_2,Certainty Earnings,4.0
ArtSimpleExample,49,Lazy_1,Opinion Costs,-180.0
ArtSimpleExample,49,Lazy_1,Client Earnings,1800.0
ArtSimpleExample,49,Lazy_1,Certainty Earnings,4.0
ArtSimpleExample,49,Simple_4,Opinion-Sensing Costs,-264.0
ArtSimpleExample,49,Simple_4,Opinion Costs,-180.0
ArtSimpleExample,49,Simple_4,Client Earnings,1800.0
ArtSimpleExample,49,Simple_4,Certainty Earnings,6.0
ArtSimpleExample,49,Simple_4,Opinion Earnings,330.0
ArtSimpleExample,49,Simple_3,Opinion-Sensing Costs,-352.01
ArtSimpleExample,49,Simple_3,Opinion Costs,-180.0
ArtSimpleExample,49,Simple_3,Client Earnings,1800.0
ArtSimpleExample,49,Simple_3,Certainty Earnings,2.0
ArtSimpleExample,49,Simple_3,Opinion Earnings,450.0
