ArtSimpleExample,0,Cheating_1,era9,0.9
ArtSimpleExample,0,Cheating_1,era8,0.25
ArtSimpleExample,0,Cheating_1,era7,0.4
ArtSimpleExample,0,Cheating_1,era6,0.8
ArtSimpleExample,0,Cheating_1,era5,0.65
ArtSimpleExample,0,Cheating_1,era10,0.8
ArtSimpleExample,0,Cheating_1,era4,0.5
ArtSimpleExample,0,Cheating_1,era3,0.55
ArtSimpleExample,0,Cheating_1,era2,0.7999999999999999
ArtSimpleExample,0,Cheating_1,era1,0.65
ArtSimpleExample,0,Honest_4,era9,0.3
ArtSimpleExample,0,Honest_4,era8,0.85
ArtSimpleExample,0,Honest_4,era7,0.6
ArtSimpleExample,0,Honest_4,era6,0.55
ArtSimpleExample,0,Honest_4,era5,0.35000000000000003
ArtSimpleExample,0,Honest_4,era10,0.8
ArtSimpleExample,0,Honest_4,era4,0.9
ArtSimpleExample,0,Honest_4,era3,0.8
ArtSimpleExample,0,Honest_4,era2,0.6
ArtSimpleExample,0,Honest_4,era1,0.55
ArtSimpleExample,0,Honest_3,era9,0.6
ArtSimpleExample,0,Honest_3,era8,0.85
ArtSimpleExample,0,Honest_3,era7,0.75
ArtSimpleExample,0,Honest_3,era6,0.55
ArtSimpleExample,0,Honest_3,era5,0.8
ArtSimpleExample,0,Honest_3,era10,0.4
ArtSimpleExample,0,Honest_3,era4,0.45
ArtSimpleExample,0,Honest_3,era3,0.7500000000000001
ArtSimpleExample,0,Honest_3,era2,0.9
ArtSimpleExample,0,Honest_3,era1,0.25
ArtSimpleExample,0,Honest_2,era9,0.8500000000000001
ArtSimpleExample,0,Honest_2,era8,0.5
ArtSimpleExample,0,Honest_2,era7,0.85
ArtSimpleExample,0,Honest_2,era6,0.65
ArtSimpleExample,0,Honest_2,era5,0.4
ArtSimpleExample,0,Honest_2,era10,0.8
ArtSimpleExample,0,Honest_2,era4,0.5
ArtSimpleExample,0,Honest_2,era3,0.9
ArtSimpleExample,0,Honest_2,era2,0.6
ArtSimpleExample,0,Honest_2,era1,0.25
ArtSimpleExample,0,Honest_1,era9,0.2
ArtSimpleExample,0,Honest_1,era8,0.4
ArtSimpleExample,0,Honest_1,era7,0.6
ArtSimpleExample,0,Honest_1,era6,0.5
ArtSimpleExample,0,Honest_1,era5,0.85
ArtSimpleExample,0,Honest_1,era10,0.8
ArtSimpleExample,0,Honest_1,era4,0.8
ArtSimpleExample,0,Honest_1,era3,0.7500000000000001
ArtSimpleExample,0,Honest_1,era2,0.55
ArtSimpleExample,0,Honest_1,era1,0.85
ArtSimpleExample,0,ForTrust,era9,0.6000000000000001
ArtSimpleExample,0,ForTrust,era8,0.9
ArtSimpleExample,0,ForTrust,era7,0.75
ArtSimpleExample,0,ForTrust,era6,0.9
ArtSimpleExample,0,ForTrust,era5,0.5
ArtSimpleExample,0,ForTrust,era10,0.6
ArtSimpleExample,0,ForTrust,era4,0.4
ArtSimpleExample,0,ForTrust,era3,0.8
ArtSimpleExample,0,ForTrust,era2,0.65
ArtSimpleExample,0,ForTrust,era1,0.2
ArtSimpleExample,0,Lazy_2,era9,0.5
ArtSimpleExample,0,Lazy_2,era8,0.65
ArtSimpleExample,0,Lazy_2,era7,0.55
ArtSimpleExample,0,Lazy_2,era6,0.85
ArtSimpleExample,0,Lazy_2,era5,0.6
ArtSimpleExample,0,Lazy_2,era10,0.25
ArtSimpleExample,0,Lazy_2,era4,0.8500000000000001
ArtSimpleExample,0,Lazy_2,era3,0.85
ArtSimpleExample,0,Lazy_2,era2,0.4
ArtSimpleExample,0,Lazy_2,era1,0.8
ArtSimpleExample,0,Lazy_1,era9,0.8
ArtSimpleExample,0,Lazy_1,era8,0.45
ArtSimpleExample,0,Lazy_1,era7,0.5
ArtSimpleExample,0,Lazy_1,era6,0.45
ArtSimpleExample,0,Lazy_1,era5,0.85
ArtSimpleExample,0,Lazy_1,era10,0.9
ArtSimpleExample,0,Lazy_1,era4,0.3
ArtSimpleExample,0,Lazy_1,era3,0.8
ArtSimpleExample,0,Lazy_1,era2,0.65
ArtSimpleExample,0,Lazy_1,era1,0.6
ArtSimpleExample,1,Cheating_1,era9,0.85
ArtSimpleExample,1,Cheating_1,era8,0.25
ArtSimpleExample,1,Cheating_1,era7,0.4
ArtSimpleExample,1,Cheating_1,era6,0.8
ArtSimpleExample,1,Cheating_1,era5,0.65
ArtSimpleExample,1,Cheating_1,era10,0.8
ArtSimpleExample,1,Cheating_1,era4,0.5
ArtSimpleExample,1,Cheating_1,era3,0.55
ArtSimpleExample,1,Cheating_1,era2,0.7999999999999999
ArtSimpleExample,1,Cheating_1,era1,0.7000000000000001
ArtSimpleExample,1,Honest_4,era9,0.3
ArtSimpleExample,1,Honest_4,era8,0.85
ArtSimpleExample,1,Honest_4,era7,0.6
ArtSimpleExample,1,Honest_4,era6,0.45
ArtSimpleExample,1,Honest_4,era5,0.35000000000000003
ArtSimpleExample,1,Honest_4,era10,0.8500000000000001
ArtSimpleExample,1,Honest_4,era4,0.9
ArtSimpleExample,1,Honest_4,era3,0.8500000000000001
ArtSimpleExample,1,Honest_4,era2,0.6
ArtSimpleExample,1,Honest_4,era1,0.55
ArtSimpleExample,1,Honest_3,era9,0.5499999999999999
ArtSimpleExample,1,Honest_3,era8,0.85
ArtSimpleExample,1,Honest_3,era7,0.75
ArtSimpleExample,1,Honest_3,era6,0.55
ArtSimpleExample,1,Honest_3,era5,0.8
ArtSimpleExample,1,Honest_3,era10,0.4
ArtSimpleExample,1,Honest_3,era4,0.45
ArtSimpleExample,1,Honest_3,era3,0.7500000000000001
ArtSimpleExample,1,Honest_3,era2,0.9500000000000001
ArtSimpleExample,1,Honest_3,era1,0.25
ArtSimpleExample,1,Honest_2,era9,0.8
ArtSimpleExample,1,Honest_2,era8,0.5
ArtSimpleExample,1,Honest_2,era7,0.85
ArtSimpleExample,1,Honest_2,era6,0.7000000000000001
ArtSimpleExample,1,Honest_2,era5,0.4
ArtSimpleExample,1,Honest_2,era10,0.8
ArtSimpleExample,1,Honest_2,era4,0.5
ArtSimpleExample,1,Honest_2,era3,0.9
ArtSimpleExample,1,Honest_2,era2,0.5499999999999999
ArtSimpleExample,1,Honest_2,era1,0.3
ArtSimpleExample,1,Honest_1,era9,0.2
ArtSimpleExample,1,Honest_1,era8,0.4
ArtSimpleExample,1,Honest_1,era7,0.5499999999999999
ArtSimpleExample,1,Honest_1,era6,0.5
ArtSimpleExample,1,Honest_1,era5,0.85
ArtSimpleExample,1,Honest_1,era10,0.8
ArtSimpleExample,1,Honest_1,era4,0.75
ArtSimpleExample,1,Honest_1,era3,0.8000000000000002
ArtSimpleExample,1,Honest_1,era2,0.55
ArtSimpleExample,1,Honest_1,era1,0.9
ArtSimpleExample,1,ForTrust,era9,0.6000000000000001
ArtSimpleExample,1,ForTrust,era8,0.9500000000000001
ArtSimpleExample,1,ForTrust,era7,0.75
ArtSimpleExample,1,ForTrust,era6,0.9
ArtSimpleExample,1,ForTrust,era5,0.5
ArtSimpleExample,1,ForTrust,era10,0.65
ArtSimpleExample,1,ForTrust,era4,0.4
ArtSimpleExample,1,ForTrust,era3,0.8
ArtSimpleExample,1,ForTrust,era2,0.6
ArtSimpleExample,1,ForTrust,era1,0.15000000000000002
ArtSimpleExample,1,Lazy_2,era9,0.5
ArtSimpleExample,1,Lazy_2,era8,0.7000000000000001
ArtSimpleExample,1,Lazy_2,era7,0.55
ArtSimpleExample,1,Lazy_2,era6,0.9
ArtSimpleExample,1,Lazy_2,era5,0.6
ArtSimpleExample,1,Lazy_2,era10,0.25
ArtSimpleExample,1,Lazy_2,era4,0.8500000000000001
ArtSimpleExample,1,Lazy_2,era3,0.7999999999999999
ArtSimpleExample,1,Lazy_2,era2,0.35000000000000003
ArtSimpleExample,1,Lazy_2,era1,0.8
ArtSimpleExample,1,Lazy_1,era9,0.75
ArtSimpleExample,1,Lazy_1,era8,0.45
ArtSimpleExample,1,Lazy_1,era7,0.5
ArtSimpleExample,1,Lazy_1,era6,0.45
ArtSimpleExample,1,Lazy_1,era5,0.85
ArtSimpleExample,1,Lazy_1,era10,0.9500000000000001
ArtSimpleExample,1,Lazy_1,era4,0.3
ArtSimpleExample,1,Lazy_1,era3,0.8
ArtSimpleExample,1,Lazy_1,era2,0.6
ArtSimpleExample,1,Lazy_1,era1,0.65
ArtSimpleExample,2,Cheating_1,era9,0.7999999999999999
ArtSimpleExample,2,Cheating_1,era8,0.2
ArtSimpleExample,2,Cheating_1,era7,0.4
ArtSimpleExample,2,Cheating_1,era6,0.8
ArtSimpleExample,2,Cheating_1,era5,0.65
ArtSimpleExample,2,Cheating_1,era10,0.8500000000000001
ArtSimpleExample,2,Cheating_1,era4,0.5
ArtSimpleExample,2,Cheating_1,era3,0.6000000000000001
ArtSimpleExample,2,Cheating_1,era2,0.7999999999999999
ArtSimpleExample,2,Cheating_1,era1,0.7000000000000001
ArtSimpleExample,2,Honest_4,era9,0.35
ArtSimpleExample,2,Honest_4,era8,0.9
ArtSimpleExample,2,Honest_4,era7,0.6
ArtSimpleExample,2,Honest_4,era6,0.45
ArtSimpleExample,2,Honest_4,era5,0.35000000000000003
ArtSimpleExample,2,Honest_4,era10,0.8
ArtSimpleExample,2,Honest_4,era4,0.85
ArtSimpleExample,2,Honest_4,era3,0.8500000000000001
ArtSimpleExample,2,Honest_4,era2,0.6
ArtSimpleExample,2,Honest_4,era1,0.55
ArtSimpleExample,2,Honest_3,era9,0.49999999999999994
ArtSimpleExample,2,Honest_3,era8,0.85
ArtSimpleExample,2,Honest_3,era7,0.75
ArtSimpleExample,2,Honest_3,era6,0.5
ArtSimpleExample,2,Honest_3,era5,0.8
ArtSimpleExample,2,Honest_3,era10,0.4
ArtSimpleExample,2,Honest_3,era4,0.55
ArtSimpleExample,2,Honest_3,era3,0.7500000000000001
ArtSimpleExample,2,Honest_3,era2,0.9500000000000001
ArtSimpleExample,2,Honest_3,era1,0.25
ArtSimpleExample,2,Honest_2,era9,0.8
ArtSimpleExample,2,Honest_2,era8,0.5
ArtSimpleExample,2,Honest_2,era7,0.9
ArtSimpleExample,2,Honest_2,era6,0.65
ArtSimpleExample,2,Honest_2,era5,0.4
ArtSimpleExample,2,Honest_2,era10,0.75
ArtSimpleExample,2,Honest_2,era4,0.5
ArtSimpleExample,2,Honest_2,era3,0.9
ArtSimpleExample,2,Honest_2,era2,0.6
ArtSimpleExample,2,Honest_2,era1,0.3
ArtSimpleExample,2,Honest_1,era9,0.15000000000000002
ArtSimpleExample,2,Honest_1,era8,0.45
ArtSimpleExample,2,Honest_1,era7,0.5499999999999999
ArtSimpleExample,2,Honest_1,era6,0.5
ArtSimpleExample,2,Honest_1,era5,0.85
ArtSimpleExample,2,Honest_1,era10,0.8
ArtSimpleExample,2,Honest_1,era4,0.75
ArtSimpleExample,2,Honest_1,era3,0.8000000000000002
ArtSimpleExample,2,Honest_1,era2,0.55
ArtSimpleExample,2,Honest_1,era1,0.9
ArtSimpleExample,2,ForTrust,era9,0.6000000000000001
ArtSimpleExample,2,ForTrust,era8,0.9500000000000001
ArtSimpleExample,2,ForTrust,era7,0.75
ArtSimpleExample,2,ForTrust,era6,0.9
ArtSimpleExample,2,ForTrust,era5,0.45
ArtSimpleExample,2,ForTrust,era10,0.65
ArtSimpleExample,2,ForTrust,era4,0.4
ArtSimpleExample,2,ForTrust,era3,0.8
ArtSimpleExample,2,ForTrust,era2,0.65
ArtSimpleExample,2,ForTrust,era1,0.15000000000000002
ArtSimpleExample,2,Lazy_2,era9,0.5
ArtSimpleExample,2,Lazy_2,era8,0.7000000000000001
ArtSimpleExample,2,Lazy_2,era7,0.55
ArtSimpleExample,2,Lazy_2,era6,0.9
ArtSimpleExample,2,Lazy_2,era5,0.6
ArtSimpleExample,2,Lazy_2,era10,0.25
ArtSimpleExample,2,Lazy_2,era4,0.8
ArtSimpleExample,2,Lazy_2,era3,0.7999999999999999
ArtSimpleExample,2,Lazy_2,era2,0.4
ArtSimpleExample,2,Lazy_2,era1,0.8
ArtSimpleExample,2,Lazy_1,era9,0.75
ArtSimpleExample,2,Lazy_1,era8,0.5
ArtSimpleExample,2,Lazy_1,era7,0.5
ArtSimpleExample,2,Lazy_1,era6,0.45
ArtSimpleExample,2,Lazy_1,era5,0.7999999999999999
ArtSimpleExample,2,Lazy_1,era10,0.9500000000000001
ArtSimpleExample,2,Lazy_1,era4,0.3
ArtSimpleExample,2,Lazy_1,era3,0.75
ArtSimpleExample,2,Lazy_1,era2,0.6
ArtSimpleExample,2,Lazy_1,era1,0.7000000000000001
ArtSimpleExample,3,Cheating_1,era9,0.85
ArtSimpleExample,3,Cheating_1,era8,0.25
ArtSimpleExample,3,Cheating_1,era7,0.4
ArtSimpleExample,3,Cheating_1,era6,0.75
ArtSimpleExample,3,Cheating_1,era5,0.6
ArtSimpleExample,3,Cheating_1,era10,0.8500000000000001
ArtSimpleExample,3,Cheating_1,era4,0.5
ArtSimpleExample,3,Cheating_1,era3,0.6000000000000001
ArtSimpleExample,3,Cheating_1,era2,0.7999999999999999
ArtSimpleExample,3,Cheating_1,era1,0.7000000000000001
ArtSimpleExample,3,Honest_4,era9,0.44999999999999996
ArtSimpleExample,3,Honest_4,era8,0.85
ArtSimpleExample,3,Honest_4,era7,0.6
ArtSimpleExample,3,Honest_4,era6,0.45
ArtSimpleExample,3,Honest_4,era5,0.35000000000000003
ArtSimpleExample,3,Honest_4,era10,0.8
ArtSimpleExample,3,Honest_4,era4,0.85
ArtSimpleExample,3,Honest_4,era3,0.8500000000000001
ArtSimpleExample,3,Honest_4,era2,0.5499999999999999
ArtSimpleExample,3,Honest_4,era1,0.55
ArtSimpleExample,3,Honest_3,era9,0.44999999999999996
ArtSimpleExample,3,Honest_3,era8,0.85
ArtSimpleExample,3,Honest_3,era7,0.75
ArtSimpleExample,3,Honest_3,era6,0.5
ArtSimpleExample,3,Honest_3,era5,0.8
ArtSimpleExample,3,Honest_3,era10,0.4
ArtSimpleExample,3,Honest_3,era4,0.55
ArtSimpleExample,3,Honest_3,era3,0.7500000000000001
ArtSimpleExample,3,Honest_3,era2,0.9500000000000001
ArtSimpleExample,3,Honest_3,era1,0.3
ArtSimpleExample,3,Honest_2,era9,0.75
ArtSimpleExample,3,Honest_2,era8,0.5
ArtSimpleExample,3,Honest_2,era7,0.9
ArtSimpleExample,3,Honest_2,era6,0.65
ArtSimpleExample,3,Honest_2,era5,0.4
ArtSimpleExample,3,Honest_2,era10,0.75
ArtSimpleExample,3,Honest_2,era4,0.5
ArtSimpleExample,3,Honest_2,era3,0.85
ArtSimpleExample,3,Honest_2,era2,0.7000000000000001
ArtSimpleExample,3,Honest_2,era1,0.3
ArtSimpleExample,3,Honest_1,era9,0.25
ArtSimpleExample,3,Honest_1,era8,0.45
ArtSimpleExample,3,Honest_1,era7,0.49999999999999994
ArtSimpleExample,3,Honest_1,era6,0.5
ArtSimpleExample,3,Honest_1,era5,0.85
ArtSimpleExample,3,Honest_1,era10,0.8
ArtSimpleExample,3,Honest_1,era4,0.75
ArtSimpleExample,3,Honest_1,era3,0.7500000000000001
ArtSimpleExample,3,Honest_1,era2,0.55
ArtSimpleExample,3,Honest_1,era1,0.9
ArtSimpleExample,3,ForTrust,era9,0.6000000000000001
ArtSimpleExample,3,ForTrust,era8,0.9500000000000001
ArtSimpleExample,3,ForTrust,era7,0.75
ArtSimpleExample,3,ForTrust,era6,0.9
ArtSimpleExample,3,ForTrust,era5,0.45
ArtSimpleExample,3,ForTrust,era10,0.7000000000000001
ArtSimpleExample,3,ForTrust,era4,0.4
ArtSimpleExample,3,ForTrust,era3,0.75
ArtSimpleExample,3,ForTrust,era2,0.65
ArtSimpleExample,3,ForTrust,era1,0.15000000000000002
ArtSimpleExample,3,Lazy_2,era9,0.45
ArtSimpleExample,3,Lazy_2,era8,0.7000000000000001
ArtSimpleExample,3,Lazy_2,era7,0.55
ArtSimpleExample,3,Lazy_2,era6,0.9
ArtSimpleExample,3,Lazy_2,era5,0.6
ArtSimpleExample,3,Lazy_2,era10,0.3
ArtSimpleExample,3,Lazy_2,era4,0.8
ArtSimpleExample,3,Lazy_2,era3,0.85
ArtSimpleExample,3,Lazy_2,era2,0.35000000000000003
ArtSimpleExample,3,Lazy_2,era1,0.8
ArtSimpleExample,3,Lazy_1,era9,0.75
ArtSimpleExample,3,Lazy_1,era8,0.5
ArtSimpleExample,3,Lazy_1,era7,0.5
ArtSimpleExample,3,Lazy_1,era6,0.45
ArtSimpleExample,3,Lazy_1,era5,0.7999999999999999
ArtSimpleExample,3,Lazy_1,era10,0.9
ArtSimpleExample,3,Lazy_1,era4,0.35
ArtSimpleExample,3,Lazy_1,era3,0.75
ArtSimpleExample,3,Lazy_1,era2,0.6
ArtSimpleExample,3,Lazy_1,era1,0.7000000000000001
ArtSimpleExample,4,Cheating_1,era9,0.85
ArtSimpleExample,4,Cheating_1,era8,0.25
ArtSimpleExample,4,Cheating_1,era7,0.4
ArtSimpleExample,4,Cheating_1,era6,0.75
ArtSimpleExample,4,Cheating_1,era5,0.6
ArtSimpleExample,4,Cheating_1,era10,0.8500000000000001
ArtSimpleExample,4,Cheating_1,era4,0.45
ArtSimpleExample,4,Cheating_1,era3,0.6000000000000001
ArtSimpleExample,4,Cheating_1,era2,0.85
ArtSimpleExample,4,Cheating_1,era1,0.7000000000000001
ArtSimpleExample,4,Honest_4,era9,0.44999999999999996
ArtSimpleExample,4,Honest_4,era8,0.7999999999999999
ArtSimpleExample,4,Honest_4,era7,0.6
ArtSimpleExample,4,Honest_4,era6,0.45
ArtSimpleExample,4,Honest_4,era5,0.4
ArtSimpleExample,4,Honest_4,era10,0.75
ArtSimpleExample,4,Honest_4,era4,0.85
ArtSimpleExample,4,Honest_4,era3,0.8500000000000001
ArtSimpleExample,4,Honest_4,era2,0.5499999999999999
ArtSimpleExample,4,Honest_4,era1,0.6000000000000001
ArtSimpleExample,4,Honest_3,era9,0.49999999999999994
ArtSimpleExample,4,Honest_3,era8,0.85
ArtSimpleExample,4,Honest_3,era7,0.75
ArtSimpleExample,4,Honest_3,era6,0.45
ArtSimpleExample,4,Honest_3,era5,0.8
ArtSimpleExample,4,Honest_3,era10,0.35000000000000003
ArtSimpleExample,4,Honest_3,era4,0.55
ArtSimpleExample,4,Honest_3,era3,0.8000000000000002
ArtSimpleExample,4,Honest_3,era2,0.9500000000000001
ArtSimpleExample,4,Honest_3,era1,0.3
ArtSimpleExample,4,Honest_2,era9,0.75
ArtSimpleExample,4,Honest_2,era8,0.5
ArtSimpleExample,4,Honest_2,era7,0.9
ArtSimpleExample,4,Honest_2,era6,0.6
ArtSimpleExample,4,Honest_2,era5,0.35000000000000003
ArtSimpleExample,4,Honest_2,era10,0.75
ArtSimpleExample,4,Honest_2,era4,0.6000000000000001
ArtSimpleExample,4,Honest_2,era3,0.85
ArtSimpleExample,4,Honest_2,era2,0.7000000000000001
ArtSimpleExample,4,Honest_2,era1,0.3
ArtSimpleExample,4,Honest_1,era9,0.25
ArtSimpleExample,4,Honest_1,era8,0.45
ArtSimpleExample,4,Honest_1,era7,0.49999999999999994
ArtSimpleExample,4,Honest_1,era6,0.5
ArtSimpleExample,4,Honest_1,era5,0.85
ArtSimpleExample,4,Honest_1,era10,0.75
ArtSimpleExample,4,Honest_1,era4,0.75
ArtSimpleExample,4,Honest_1,era3,0.7500000000000001
ArtSimpleExample,4,Honest_1,era2,0.55
ArtSimpleExample,4,Honest_1,era1,0.9500000000000001
ArtSimpleExample,4,ForTrust,era9,0.6000000000000001
ArtSimpleExample,4,ForTrust,era8,0.9
ArtSimpleExample,4,ForTrust,era7,0.75
ArtSimpleExample,4,ForTrust,era6,0.85
ArtSimpleExample,4,ForTrust,era5,0.45
ArtSimpleExample,4,ForTrust,era10,0.7500000000000001
ArtSimpleExample,4,ForTrust,era4,0.4
ArtSimpleExample,4,ForTrust,era3,0.75
ArtSimpleExample,4,ForTrust,era2,0.65
ArtSimpleExample,4,ForTrust,era1,0.2
ArtSimpleExample,4,Lazy_2,era9,0.5
ArtSimpleExample,4,Lazy_2,era8,0.7000000000000001
ArtSimpleExample,4,Lazy_2,era7,0.55
ArtSimpleExample,4,Lazy_2,era6,0.85
ArtSimpleExample,4,Lazy_2,era5,0.5499999999999999
ArtSimpleExample,4,Lazy_2,era10,0.3
ArtSimpleExample,4,Lazy_2,era4,0.8
ArtSimpleExample,4,Lazy_2,era3,0.85
ArtSimpleExample,4,Lazy_2,era2,0.35000000000000003
ArtSimpleExample,4,Lazy_2,era1,0.8500000000000001
ArtSimpleExample,4,Lazy_1,era9,0.8
ArtSimpleExample,4,Lazy_1,era8,0.45
ArtSimpleExample,4,Lazy_1,era7,0.5
ArtSimpleExample,4,Lazy_1,era6,0.45
ArtSimpleExample,4,Lazy_1,era5,0.7999999999999999
ArtSimpleExample,4,Lazy_1,era10,0.9500000000000001
ArtSimpleExample,4,Lazy_1,era4,0.3
ArtSimpleExample,4,Lazy_1,era3,0.75
ArtSimpleExample,4,Lazy_1,era2,0.6
ArtSimpleExample,4,Lazy_1,era1,0.7000000000000001
ArtSimpleExample,5,Cheating_1,era9,0.7999999999999999
ArtSimpleExample,5,Cheating_1,era8,0.25
ArtSimpleExample,5,Cheating_1,era7,0.4
ArtSimpleExample,5,Cheating_1,era6,0.75
ArtSimpleExample,5,Cheating_1,era5,0.65
ArtSimpleExample,5,Cheating_1,era10,0.8500000000000001
ArtSimpleExample,5,Cheating_1,era4,0.45
ArtSimpleExample,5,Cheating_1,era3,0.6000000000000001
ArtSimpleExample,5,Cheating_1,era2,0.85
ArtSimpleExample,5,Cheating_1,era1,0.7000000000000001
ArtSimpleExample,5,Honest_4,era9,0.49999999999999994
ArtSimpleExample,5,Honest_4,era8,0.85
ArtSimpleExample,5,Honest_4,era7,0.6
ArtSimpleExample,5,Honest_4,era6,0.45
ArtSimpleExample,5,Honest_4,era5,0.35000000000000003
ArtSimpleExample,5,Honest_4,era10,0.75
ArtSimpleExample,5,Honest_4,era4,0.7999999999999999
ArtSimpleExample,5,Honest_4,era3,0.8500000000000001
ArtSimpleExample,5,Honest_4,era2,0.5499999999999999
ArtSimpleExample,5,Honest_4,era1,0.6000000000000001
ArtSimpleExample,5,Honest_3,era9,0.49999999999999994
ArtSimpleExample,5,Honest_3,era8,0.85
ArtSimpleExample,5,Honest_3,era7,0.75
ArtSimpleExample,5,Honest_3,era6,0.45
ArtSimpleExample,5,Honest_3,era5,0.8500000000000001
ArtSimpleExample,5,Honest_3,era10,0.35000000000000003
ArtSimpleExample,5,Honest_3,era4,0.55
ArtSimpleExample,5,Honest_3,era3,0.8000000000000002
ArtSimpleExample,5,Honest_3,era2,0.9500000000000001
ArtSimpleExample,5,Honest_3,era1,0.25
ArtSimpleExample,5,Honest_2,era9,0.75
ArtSimpleExample,5,Honest_2,era8,0.5
ArtSimpleExample,5,Honest_2,era7,0.9
ArtSimpleExample,5,Honest_2,era6,0.65
ArtSimpleExample,5,Honest_2,era5,0.35000000000000003
ArtSimpleExample,5,Honest_2,era10,0.8
ArtSimpleExample,5,Honest_2,era4,0.6000000000000001
ArtSimpleExample,5,Honest_2,era3,0.7999999999999999
ArtSimpleExample,5,Honest_2,era2,0.65
ArtSimpleExample,5,Honest_2,era1,0.3
ArtSimpleExample,5,Honest_1,era9,0.25
ArtSimpleExample,5,Honest_1,era8,0.45
ArtSimpleExample,5,Honest_1,era7,0.49999999999999994
ArtSimpleExample,5,Honest_1,era6,0.5
ArtSimpleExample,5,Honest_1,era5,0.85
ArtSimpleExample,5,Honest_1,era10,0.75
ArtSimpleExample,5,Honest_1,era4,0.7
ArtSimpleExample,5,Honest_1,era3,0.7500000000000001
ArtSimpleExample,5,Honest_1,era2,0.6000000000000001
ArtSimpleExample,5,Honest_1,era1,0.9500000000000001
ArtSimpleExample,5,ForTrust,era9,0.6000000000000001
ArtSimpleExample,5,ForTrust,era8,0.9
ArtSimpleExample,5,ForTrust,era7,0.75
ArtSimpleExample,5,ForTrust,era6,0.9
ArtSimpleExample,5,ForTrust,era5,0.45
ArtSimpleExample,5,ForTrust,era10,0.7500000000000001
ArtSimpleExample,5,ForTrust,era4,0.4
ArtSimpleExample,5,ForTrust,era3,0.75
ArtSimpleExample,5,ForTrust,era2,0.65
ArtSimpleExample,5,ForTrust,era1,0.15000000000000002
ArtSimpleExample,5,Lazy_2,era9,0.5
ArtSimpleExample,5,Lazy_2,era8,0.7000000000000001
ArtSimpleExample,5,Lazy_2,era7,0.6000000000000001
ArtSimpleExample,5,Lazy_2,era6,0.85
ArtSimpleExample,5,Lazy_2,era5,0.5499999999999999
ArtSimpleExample,5,Lazy_2,era10,0.3
ArtSimpleExample,5,Lazy_2,era4,0.8
ArtSimpleExample,5,Lazy_2,era3,0.85
ArtSimpleExample,5,Lazy_2,era2,0.30000000000000004
ArtSimpleExample,5,Lazy_2,era1,0.8500000000000001
ArtSimpleExample,5,Lazy_1,era9,0.8
ArtSimpleExample,5,Lazy_1,era8,0.4
ArtSimpleExample,5,Lazy_1,era7,0.5
ArtSimpleExample,5,Lazy_1,era6,0.45
ArtSimpleExample,5,Lazy_1,era5,0.85
ArtSimpleExample,5,Lazy_1,era10,0.9500000000000001
ArtSimpleExample,5,Lazy_1,era4,0.3
ArtSimpleExample,5,Lazy_1,era3,0.75
ArtSimpleExample,5,Lazy_1,era2,0.6
ArtSimpleExample,5,Lazy_1,era1,0.7000000000000001
ArtSimpleExample,6,Cheating_1,era9,0.7999999999999999
ArtSimpleExample,6,Cheating_1,era8,0.3
ArtSimpleExample,6,Cheating_1,era7,0.35000000000000003
ArtSimpleExample,6,Cheating_1,era6,0.75
ArtSimpleExample,6,Cheating_1,era5,0.7000000000000001
ArtSimpleExample,6,Cheating_1,era10,0.8
ArtSimpleExample,6,Cheating_1,era4,0.45
ArtSimpleExample,6,Cheating_1,era3,0.6000000000000001
ArtSimpleExample,6,Cheating_1,era2,0.85
ArtSimpleExample,6,Cheating_1,era1,0.7000000000000001
ArtSimpleExample,6,Honest_4,era9,0.5499999999999999
ArtSimpleExample,6,Honest_4,era8,0.85
ArtSimpleExample,6,Honest_4,era7,0.6
ArtSimpleExample,6,Honest_4,era6,0.4
ArtSimpleExample,6,Honest_4,era5,0.35000000000000003
ArtSimpleExample,6,Honest_4,era10,0.75
ArtSimpleExample,6,Honest_4,era4,0.85
ArtSimpleExample,6,Honest_4,era3,0.8
ArtSimpleExample,6,Honest_4,era2,0.5499999999999999
ArtSimpleExample,6,Honest_4,era1,0.6000000000000001
ArtSimpleExample,6,Honest_3,era9,0.44999999999999996
ArtSimpleExample,6,Honest_3,era8,0.85
ArtSimpleExample,6,Honest_3,era7,0.8
ArtSimpleExample,6,Honest_3,era6,0.4
ArtSimpleExample,6,Honest_3,era5,0.8500000000000001
ArtSimpleExample,6,Honest_3,era10,0.35000000000000003
ArtSimpleExample,6,Honest_3,era4,0.55
ArtSimpleExample,6,Honest_3,era3,0.8500000000000002
ArtSimpleExample,6,Honest_3,era2,0.9500000000000001
ArtSimpleExample,6,Honest_3,era1,0.25
ArtSimpleExample,6,Honest_2,era9,0.75
ArtSimpleExample,6,Honest_2,era8,0.45
ArtSimpleExample,6,Honest_2,era7,0.9
ArtSimpleExample,6,Honest_2,era6,0.65
ArtSimpleExample,6,Honest_2,era5,0.45
ArtSimpleExample,6,Honest_2,era10,0.8
ArtSimpleExample,6,Honest_2,era4,0.55
ArtSimpleExample,6,Honest_2,era3,0.7999999999999999
ArtSimpleExample,6,Honest_2,era2,0.65
ArtSimpleExample,6,Honest_2,era1,0.3
ArtSimpleExample,6,Honest_1,era9,0.25
ArtSimpleExample,6,Honest_1,era8,0.45
ArtSimpleExample,6,Honest_1,era7,0.49999999999999994
ArtSimpleExample,6,Honest_1,era6,0.55
ArtSimpleExample,6,Honest_1,era5,0.85
ArtSimpleExample,6,Honest_1,era10,0.75
ArtSimpleExample,6,Honest_1,era4,0.6499999999999999
ArtSimpleExample,6,Honest_1,era3,0.7000000000000001
ArtSimpleExample,6,Honest_1,era2,0.6500000000000001
ArtSimpleExample,6,Honest_1,era1,0.9500000000000001
ArtSimpleExample,6,ForTrust,era9,0.6000000000000001
ArtSimpleExample,6,ForTrust,era8,0.85
ArtSimpleExample,6,ForTrust,era7,0.75
ArtSimpleExample,6,ForTrust,era6,0.9
ArtSimpleExample,6,ForTrust,era5,0.45
ArtSimpleExample,6,ForTrust,era10,0.7500000000000001
ArtSimpleExample,6,ForTrust,era4,0.4
ArtSimpleExample,6,ForTrust,era3,0.75
ArtSimpleExample,6,ForTrust,era2,0.7000000000000001
ArtSimpleExample,6,ForTrust,era1,0.15000000000000002
ArtSimpleExample,6,Lazy_2,era9,0.5
ArtSimpleExample,6,Lazy_2,era8,0.65
ArtSimpleExample,6,Lazy_2,era7,0.6000000000000001
ArtSimpleExample,6,Lazy_2,era6,0.9
ArtSimpleExample,6,Lazy_2,era5,0.49999999999999994
ArtSimpleExample,6,Lazy_2,era10,0.3
ArtSimpleExample,6,Lazy_2,era4,0.8
ArtSimpleExample,6,Lazy_2,era3,0.85
ArtSimpleExample,6,Lazy_2,era2,0.30000000000000004
ArtSimpleExample,6,Lazy_2,era1,0.9000000000000001
ArtSimpleExample,6,Lazy_1,era9,0.8
ArtSimpleExample,6,Lazy_1,era8,0.4
ArtSimpleExample,6,Lazy_1,era7,0.5
ArtSimpleExample,6,Lazy_1,era6,0.45
ArtSimpleExample,6,Lazy_1,era5,0.85
ArtSimpleExample,6,Lazy_1,era10,0.9500000000000001
ArtSimpleExample,6,Lazy_1,era4,0.3
ArtSimpleExample,6,Lazy_1,era3,0.75
ArtSimpleExample,6,Lazy_1,era2,0.65
ArtSimpleExample,6,Lazy_1,era1,0.65
ArtSimpleExample,7,Cheating_1,era9,0.7999999999999999
ArtSimpleExample,7,Cheating_1,era8,0.3
ArtSimpleExample,7,Cheating_1,era7,0.35000000000000003
ArtSimpleExample,7,Cheating_1,era6,0.8
ArtSimpleExample,7,Cheating_1,era5,0.7000000000000001
ArtSimpleExample,7,Cheating_1,era10,0.75
ArtSimpleExample,7,Cheating_1,era4,0.45
ArtSimpleExample,7,Cheating_1,era3,0.6000000000000001
ArtSimpleExample,7,Cheating_1,era2,0.85
ArtSimpleExample,7,Cheating_1,era1,0.7000000000000001
ArtSimpleExample,7,Honest_4,era9,0.5499999999999999
ArtSimpleExample,7,Honest_4,era8,0.7499999999999999
ArtSimpleExample,7,Honest_4,era7,0.65
ArtSimpleExample,7,Honest_4,era6,0.4
ArtSimpleExample,7,Honest_4,era5,0.4
ArtSimpleExample,7,Honest_4,era10,0.75
ArtSimpleExample,7,Honest_4,era4,0.85
ArtSimpleExample,7,Honest_4,era3,0.8
ArtSimpleExample,7,Honest_4,era2,0.5499999999999999
ArtSimpleExample,7,Honest_4,era1,0.6000000000000001
ArtSimpleExample,7,Honest_3,era9,0.44999999999999996
ArtSimpleExample,7,Honest_3,era8,0.85
ArtSimpleExample,7,Honest_3,era7,0.8
ArtSimpleExample,7,Honest_3,era6,0.4
ArtSimpleExample,7,Honest_3,era5,0.8500000000000001
ArtSimpleExample,7,Honest_3,era10,0.35000000000000003
ArtSimpleExample,7,Honest_3,era4,0.5
ArtSimpleExample,7,Honest_3,era3,0.8500000000000002
ArtSimpleExample,7,Honest_3,era2,0.9500000000000001
ArtSimpleExample,7,Honest_3,era1,0.3
ArtSimpleExample,7,Honest_2,era9,0.75
ArtSimpleExample,7,Honest_2,era8,0.45
ArtSimpleExample,7,Honest_2,era7,0.9
ArtSimpleExample,7,Honest_2,era6,0.7000000000000001
ArtSimpleExample,7,Honest_2,era5,0.4
ArtSimpleExample,7,Honest_2,era10,0.8
ArtSimpleExample,7,Honest_2,era4,0.6000000000000001
ArtSimpleExample,7,Honest_2,era3,0.7999999999999999
ArtSimpleExample,7,Honest_2,era2,0.65
ArtSimpleExample,7,Honest_2,era1,0.25
ArtSimpleExample,7,Honest_1,era9,0.25
ArtSimpleExample,7,Honest_1,era8,0.45
ArtSimpleExample,7,Honest_1,era7,0.5499999999999999
ArtSimpleExample,7,Honest_1,era6,0.55
ArtSimpleExample,7,Honest_1,era5,0.7999999999999999
ArtSimpleExample,7,Honest_1,era10,0.75
ArtSimpleExample,7,Honest_1,era4,0.6499999999999999
ArtSimpleExample,7,Honest_1,era3,0.7000000000000001
ArtSimpleExample,7,Honest_1,era2,0.6500000000000001
ArtSimpleExample,7,Honest_1,era1,0.9500000000000001
ArtSimpleExample,7,ForTrust,era9,0.6000000000000001
ArtSimpleExample,7,ForTrust,era8,0.85
ArtSimpleExample,7,ForTrust,era7,0.8500000000000001
ArtSimpleExample,7,ForTrust,era6,0.9
ArtSimpleExample,7,ForTrust,era5,0.45
ArtSimpleExample,7,ForTrust,era10,0.7500000000000001
ArtSimpleExample,7,ForTrust,era4,0.4
ArtSimpleExample,7,ForTrust,era3,0.7
ArtSimpleExample,7,ForTrust,era2,0.7000000000000001
ArtSimpleExample,7,ForTrust,era1,0.10000000000000002
ArtSimpleExample,7,Lazy_2,era9,0.5
ArtSimpleExample,7,Lazy_2,era8,0.65
ArtSimpleExample,7,Lazy_2,era7,0.6000000000000001
ArtSimpleExample,7,Lazy_2,era6,0.9
ArtSimpleExample,7,Lazy_2,era5,0.49999999999999994
ArtSimpleExample,7,Lazy_2,era10,0.25
ArtSimpleExample,7,Lazy_2,era4,0.8
ArtSimpleExample,7,Lazy_2,era3,0.9500000000000001
ArtSimpleExample,7,Lazy_2,era2,0.30000000000000004
ArtSimpleExample,7,Lazy_2,era1,0.8500000000000001
ArtSimpleExample,7,Lazy_1,era9,0.8
ArtSimpleExample,7,Lazy_1,era8,0.5
ArtSimpleExample,7,Lazy_1,era7,0.45
ArtSimpleExample,7,Lazy_1,era6,0.45
ArtSimpleExample,7,Lazy_1,era5,0.85
ArtSimpleExample,7,Lazy_1,era10,0.9
ArtSimpleExample,7,Lazy_1,era4,0.3
ArtSimpleExample,7,Lazy_1,era3,0.75
ArtSimpleExample,7,Lazy_1,era2,0.65
ArtSimpleExample,7,Lazy_1,era1,0.65
ArtSimpleExample,8,Cheating_1,era9,0.7999999999999999
ArtSimpleExample,8,Cheating_1,era8,0.3
ArtSimpleExample,8,Cheating_1,era7,0.30000000000000004
ArtSimpleExample,8,Cheating_1,era6,0.8
ArtSimpleExample,8,Cheating_1,era5,0.7000000000000001
ArtSimpleExample,8,Cheating_1,era10,0.8
ArtSimpleExample,8,Cheating_1,era4,0.45
ArtSimpleExample,8,Cheating_1,era3,0.6500000000000001
ArtSimpleExample,8,Cheating_1,era2,0.7999999999999999
ArtSimpleExample,8,Cheating_1,era1,0.7000000000000001
ArtSimpleExample,8,Honest_4,era9,0.5499999999999999
ArtSimpleExample,8,Honest_4,era8,0.7499999999999999
ArtSimpleExample,8,Honest_4,era7,0.6
ArtSimpleExample,8,Honest_4,era6,0.4
ArtSimpleExample,8,Honest_4,era5,0.4
ArtSimpleExample,8,Honest_4,era10,0.75
ArtSimpleExample,8,Honest_4,era4,0.85
ArtSimpleExample,8,Honest_4,era3,0.8
ArtSimpleExample,8,Honest_4,era2,0.6
ArtSimpleExample,8,Honest_4,era1,0.6000000000000001
ArtSimpleExample,8,Honest_3,era9,0.44999999999999996
ArtSimpleExample,8,Honest_3,era8,0.85
ArtSimpleExample,8,Honest_3,era7,0.8
ArtSimpleExample,8,Honest_3,era6,0.4
ArtSimpleExample,8,Honest_3,era5,0.9500000000000002
ArtSimpleExample,8,Honest_3,era10,0.30000000000000004
ArtSimpleExample,8,Honest_3,era4,0.5
ArtSimpleExample,8,Honest_3,era3,0.8000000000000002
ArtSimpleExample,8,Honest_3,era2,0.9500000000000001
ArtSimpleExample,8,Honest_3,era1,0.3
ArtSimpleExample,8,Honest_2,era9,0.8
ArtSimpleExample,8,Honest_2,era8,0.5
ArtSimpleExample,8,Honest_2,era7,0.9
ArtSimpleExample,8,Honest_2,era6,0.7000000000000001
ArtSimpleExample,8,Honest_2,era5,0.35000000000000003
ArtSimpleExample,8,Honest_2,era10,0.8
ArtSimpleExample,8,Honest_2,era4,0.6000000000000001
ArtSimpleExample,8,Honest_2,era3,0.7999999999999999
ArtSimpleExample,8,Honest_2,era2,0.6
ArtSimpleExample,8,Honest_2,era1,0.25
ArtSimpleExample,8,Honest_1,era9,0.25
ArtSimpleExample,8,Honest_1,era8,0.45
ArtSimpleExample,8,Honest_1,era7,0.5499999999999999
ArtSimpleExample,8,Honest_1,era6,0.55
ArtSimpleExample,8,Honest_1,era5,0.7999999999999999
ArtSimpleExample,8,Honest_1,era10,0.75
ArtSimpleExample,8,Honest_1,era4,0.6499999999999999
ArtSimpleExample,8,Honest_1,era3,0.7000000000000001
ArtSimpleExample,8,Honest_1,era2,0.6000000000000001
ArtSimpleExample,8,Honest_1,era1,1.0
ArtSimpleExample,8,ForTrust,era9,0.6000000000000001
ArtSimpleExample,8,ForTrust,era8,0.85
ArtSimpleExample,8,ForTrust,era7,0.8
ArtSimpleExample,8,ForTrust,era6,0.9
ArtSimpleExample,8,ForTrust,era5,0.45
ArtSimpleExample,8,ForTrust,era10,0.7500000000000001
ArtSimpleExample,8,ForTrust,era4,0.4
ArtSimpleExample,8,ForTrust,era3,0.75
ArtSimpleExample,8,ForTrust,era2,0.7000000000000001
ArtSimpleExample,8,ForTrust,era1,0.10000000000000002
ArtSimpleExample,8,Lazy_2,era9,0.5
ArtSimpleExample,8,Lazy_2,era8,0.65
ArtSimpleExample,8,Lazy_2,era7,0.6000000000000001
ArtSimpleExample,8,Lazy_2,era6,0.9
ArtSimpleExample,8,Lazy_2,era5,0.5499999999999999
ArtSimpleExample,8,Lazy_2,era10,0.2
ArtSimpleExample,8,Lazy_2,era4,0.8
ArtSimpleExample,8,Lazy_2,era3,0.95
ArtSimpleExample,8,Lazy_2,era2,0.30000000000000004
ArtSimpleExample,8,Lazy_2,era1,0.8500000000000001
ArtSimpleExample,8,Lazy_1,era9,0.8
ArtSimpleExample,8,Lazy_1,era8,0.5
ArtSimpleExample,8,Lazy_1,era7,0.45
ArtSimpleExample,8,Lazy_1,era6,0.5
ArtSimpleExample,8,Lazy_1,era5,0.9
ArtSimpleExample,8,Lazy_1,era10,0.85
ArtSimpleExample,8,Lazy_1,era4,0.25
ArtSimpleExample,8,Lazy_1,era3,0.75
ArtSimpleExample,8,Lazy_1,era2,0.65
ArtSimpleExample,8,Lazy_1,era1,0.65
ArtSimpleExample,9,Cheating_1,era9,0.7999999999999999
ArtSimpleExample,9,Cheating_1,era8,0.3
ArtSimpleExample,9,Cheating_1,era7,0.30000000000000004
ArtSimpleExample,9,Cheating_1,era6,0.8
ArtSimpleExample,9,Cheating_1,era5,0.7500000000000001
ArtSimpleExample,9,Cheating_1,era10,0.8
ArtSimpleExample,9,Cheating_1,era4,0.45
ArtSimpleExample,9,Cheating_1,era3,0.6000000000000001
ArtSimpleExample,9,Cheating_1,era2,0.7999999999999999
ArtSimpleExample,9,Cheating_1,era1,0.7000000000000001
ArtSimpleExample,9,Honest_4,era9,0.5499999999999999
ArtSimpleExample,9,Honest_4,era8,0.7499999999999999
ArtSimpleExample,9,Honest_4,era7,0.6
ArtSimpleExample,9,Honest_4,era6,0.4
ArtSimpleExample,9,Honest_4,era5,0.45
ArtSimpleExample,9,Honest_4,era10,0.75
ArtSimpleExample,9,Honest_4,era4,0.85
ArtSimpleExample,9,Honest_4,era3,0.75
ArtSimpleExample,9,Honest_4,era2,0.6
ArtSimpleExample,9,Honest_4,era1,0.6000000000000001
ArtSimpleExample,9,Honest_3,era9,0.44999999999999996
ArtSimpleExample,9,Honest_3,era8,0.85
ArtSimpleExample,9,Honest_3,era7,0.8
ArtSimpleExample,9,Honest_3,era6,0.4
ArtSimpleExample,9,Honest_3,era5,0.9000000000000001
ArtSimpleExample,9,Honest_3,era10,0.35000000000000003
ArtSimpleExample,9,Honest_3,era4,0.5
ArtSimpleExample,9,Honest_3,era3,0.8000000000000002
ArtSimpleExample,9,Honest_3,era2,0.9500000000000001
ArtSimpleExample,9,Honest_3,era1,0.3
ArtSimpleExample,9,Honest_2,era9,0.8
ArtSimpleExample,9,Honest_2,era8,0.5
ArtSimpleExample,9,Honest_2,era7,0.9
ArtSimpleExample,9,Honest_2,era6,0.7000000000000001
ArtSimpleExample,9,Honest_2,era5,0.35000000000000003
ArtSimpleExample,9,Honest_2,era10,0.8
ArtSimpleExample,9,Honest_2,era4,0.55
ArtSimpleExample,9,Honest_2,era3,0.7499999999999999
ArtSimpleExample,9,Honest_2,era2,0.65
ArtSimpleExample,9,Honest_2,era1,0.3
ArtSimpleExample,9,Honest_1,era9,0.25
ArtSimpleExample,9,Honest_1,era8,0.45
ArtSimpleExample,9,Honest_1,era7,0.5499999999999999
ArtSimpleExample,9,Honest_1,era6,0.55
ArtSimpleExample,9,Honest_1,era5,0.7999999999999999
ArtSimpleExample,9,Honest_1,era10,0.8
ArtSimpleExample,9,Honest_1,era4,0.7
ArtSimpleExample,9,Honest_1,era3,0.7000000000000001
ArtSimpleExample,9,Honest_1,era2,0.6000000000000001
ArtSimpleExample,9,Honest_1,era1,0.8999999999999999
ArtSimpleExample,9,ForTrust,era9,0.7000000000000002
ArtSimpleExample,9,ForTrust,era8,0.7999999999999999
ArtSimpleExample,9,ForTrust,era7,0.8
ArtSimpleExample,9,ForTrust,era6,0.9
ArtSimpleExample,9,ForTrust,era5,0.45
ArtSimpleExample,9,ForTrust,era10,0.7500000000000001
ArtSimpleExample,9,ForTrust,era4,0.4
ArtSimpleExample,9,ForTrust,era3,0.7
ArtSimpleExample,9,ForTrust,era2,0.7000000000000001
ArtSimpleExample,9,ForTrust,era1,0.10000000000000002
ArtSimpleExample,9,Lazy_2,era9,0.45
ArtSimpleExample,9,Lazy_2,era8,0.65
ArtSimpleExample,9,Lazy_2,era7,0.6000000000000001
ArtSimpleExample,9,Lazy_2,era6,0.9
ArtSimpleExample,9,Lazy_2,era5,0.5499999999999999
ArtSimpleExample,9,Lazy_2,era10,0.3
ArtSimpleExample,9,Lazy_2,era4,0.8
ArtSimpleExample,9,Lazy_2,era3,0.95
ArtSimpleExample,9,Lazy_2,era2,0.25000000000000006
ArtSimpleExample,9,Lazy_2,era1,0.8500000000000001
ArtSimpleExample,9,Lazy_1,era9,0.8
ArtSimpleExample,9,Lazy_1,era8,0.5
ArtSimpleExample,9,Lazy_1,era7,0.45
ArtSimpleExample,9,Lazy_1,era6,0.5
ArtSimpleExample,9,Lazy_1,era5,0.9
ArtSimpleExample,9,Lazy_1,era10,0.85
ArtSimpleExample,9,Lazy_1,era4,0.3
ArtSimpleExample,9,Lazy_1,era3,0.75
ArtSimpleExample,9,Lazy_1,era2,0.6
ArtSimpleExample,9,Lazy_1,era1,0.65
ArtSimpleExample,10,Cheating_1,era9,0.85
ArtSimpleExample,10,Cheating_1,era8,0.35
ArtSimpleExample,10,Cheating_1,era7,0.30000000000000004
ArtSimpleExample,10,Cheating_1,era6,0.8
ArtSimpleExample,10,Cheating_1,era5,0.7500000000000001
ArtSimpleExample,10,Cheating_1,era10,0.75
ArtSimpleExample,10,Cheating_1,era4,0.45
ArtSimpleExample,10,Cheating_1,era3,0.6000000000000001
ArtSimpleExample,10,Cheating_1,era2,0.7499999999999999
ArtSimpleExample,10,Cheating_1,era1,0.7000000000000001
ArtSimpleExample,10,Honest_4,era9,0.5499999999999999
ArtSimpleExample,10,Honest_4,era8,0.7499999999999999
ArtSimpleExample,10,Honest_4,era7,0.65
ArtSimpleExample,10,Honest_4,era6,0.45
ArtSimpleExample,10,Honest_4,era5,0.45
ArtSimpleExample,10,Honest_4,era10,0.7
ArtSimpleExample,10,Honest_4,era4,0.85
ArtSimpleExample,10,Honest_4,era3,0.75
ArtSimpleExample,10,Honest_4,era2,0.5499999999999999
ArtSimpleExample,10,Honest_4,era1,0.6000000000000001
ArtSimpleExample,10,Honest_3,era9,0.44999999999999996
ArtSimpleExample,10,Honest_3,era8,0.85
ArtSimpleExample,10,Honest_3,era7,0.8
ArtSimpleExample,10,Honest_3,era6,0.4
ArtSimpleExample,10,Honest_3,era5,0.8500000000000001
ArtSimpleExample,10,Honest_3,era10,0.4
ArtSimpleExample,10,Honest_3,era4,0.5
ArtSimpleExample,10,Honest_3,era3,0.8000000000000002
ArtSimpleExample,10,Honest_3,era2,0.9500000000000001
ArtSimpleExample,10,Honest_3,era1,0.3
ArtSimpleExample,10,Honest_2,era9,0.8
ArtSimpleExample,10,Honest_2,era8,0.5
ArtSimpleExample,10,Honest_2,era7,0.9
ArtSimpleExample,10,Honest_2,era6,0.65
ArtSimpleExample,10,Honest_2,era5,0.35000000000000003
ArtSimpleExample,10,Honest_2,era10,0.8
ArtSimpleExample,10,Honest_2,era4,0.5
ArtSimpleExample,10,Honest_2,era3,0.7999999999999999
ArtSimpleExample,10,Honest_2,era2,0.65
ArtSimpleExample,10,Honest_2,era1,0.35
ArtSimpleExample,10,Honest_1,era9,0.25
ArtSimpleExample,10,Honest_1,era8,0.45
ArtSimpleExample,10,Honest_1,era7,0.5499999999999999
ArtSimpleExample,10,Honest_1,era6,0.5
ArtSimpleExample,10,Honest_1,era5,0.7999999999999999
ArtSimpleExample,10,Honest_1,era10,0.8500000000000001
ArtSimpleExample,10,Honest_1,era4,0.75
ArtSimpleExample,10,Honest_1,era3,0.65
ArtSimpleExample,10,Honest_1,era2,0.6000000000000001
ArtSimpleExample,10,Honest_1,era1,0.8999999999999999
ArtSimpleExample,10,ForTrust,era9,0.7000000000000002
ArtSimpleExample,10,ForTrust,era8,0.7999999999999999
ArtSimpleExample,10,ForTrust,era7,0.8
ArtSimpleExample,10,ForTrust,era6,0.9
ArtSimpleExample,10,ForTrust,era5,0.45
ArtSimpleExample,10,ForTrust,era10,0.7000000000000001
ArtSimpleExample,10,ForTrust,era4,0.4
ArtSimpleExample,10,ForTrust,era3,0.75
ArtSimpleExample,10,ForTrust,era2,0.7500000000000001
ArtSimpleExample,10,ForTrust,era1,0.05000000000000002
ArtSimpleExample,10,Lazy_2,era9,0.45
ArtSimpleExample,10,Lazy_2,era8,0.65
ArtSimpleExample,10,Lazy_2,era7,0.6000000000000001
ArtSimpleExample,10,Lazy_2,era6,0.9
ArtSimpleExample,10,Lazy_2,era5,0.5499999999999999
ArtSimpleExample,10,Lazy_2,era10,0.25
ArtSimpleExample,10,Lazy_2,era4,0.8
ArtSimpleExample,10,Lazy_2,era3,1.0
ArtSimpleExample,10,Lazy_2,era2,0.25000000000000006
ArtSimpleExample,10,Lazy_2,era1,0.8500000000000001
ArtSimpleExample,10,Lazy_1,era9,0.8
ArtSimpleExample,10,Lazy_1,era8,0.5
ArtSimpleExample,10,Lazy_1,era7,0.45
ArtSimpleExample,10,Lazy_1,era6,0.5
ArtSimpleExample,10,Lazy_1,era5,0.9
ArtSimpleExample,10,Lazy_1,era10,0.7999999999999999
ArtSimpleExample,10,Lazy_1,era4,0.3
ArtSimpleExample,10,Lazy_1,era3,0.8
ArtSimpleExample,10,Lazy_1,era2,0.6
ArtSimpleExample,10,Lazy_1,era1,0.65
ArtSimpleExample,11,Cheating_1,era9,0.9500000000000001
ArtSimpleExample,11,Cheating_1,era8,0.35
ArtSimpleExample,11,Cheating_1,era7,0.30000000000000004
ArtSimpleExample,11,Cheating_1,era6,0.8
ArtSimpleExample,11,Cheating_1,era5,0.7500000000000001
ArtSimpleExample,11,Cheating_1,era10,0.7
ArtSimpleExample,11,Cheating_1,era4,0.45
ArtSimpleExample,11,Cheating_1,era3,0.55
ArtSimpleExample,11,Cheating_1,era2,0.7499999999999999
ArtSimpleExample,11,Cheating_1,era1,0.7000000000000001
ArtSimpleExample,11,Honest_4,era9,0.49999999999999994
ArtSimpleExample,11,Honest_4,era8,0.6999999999999998
ArtSimpleExample,11,Honest_4,era7,0.7000000000000001
ArtSimpleExample,11,Honest_4,era6,0.5
ArtSimpleExample,11,Honest_4,era5,0.45
ArtSimpleExample,11,Honest_4,era10,0.7
ArtSimpleExample,11,Honest_4,era4,0.85
ArtSimpleExample,11,Honest_4,era3,0.75
ArtSimpleExample,11,Honest_4,era2,0.5499999999999999
ArtSimpleExample,11,Honest_4,era1,0.6000000000000001
ArtSimpleExample,11,Honest_3,era9,0.44999999999999996
ArtSimpleExample,11,Honest_3,era8,0.9
ArtSimpleExample,11,Honest_3,era7,0.8500000000000001
ArtSimpleExample,11,Honest_3,era6,0.4
ArtSimpleExample,11,Honest_3,era5,0.8500000000000001
ArtSimpleExample,11,Honest_3,era10,0.30000000000000004
ArtSimpleExample,11,Honest_3,era4,0.5
ArtSimpleExample,11,Honest_3,era3,0.8000000000000002
ArtSimpleExample,11,Honest_3,era2,0.9500000000000001
ArtSimpleExample,11,Honest_3,era1,0.3
ArtSimpleExample,11,Honest_2,era9,0.8
ArtSimpleExample,11,Honest_2,era8,0.55
ArtSimpleExample,11,Honest_2,era7,0.9
ArtSimpleExample,11,Honest_2,era6,0.65
ArtSimpleExample,11,Honest_2,era5,0.4
ArtSimpleExample,11,Honest_2,era10,0.8
ArtSimpleExample,11,Honest_2,era4,0.5
ArtSimpleExample,11,Honest_2,era3,0.7999999999999999
ArtSimpleExample,11,Honest_2,era2,0.65
ArtSimpleExample,11,Honest_2,era1,0.25
ArtSimpleExample,11,Honest_1,era9,0.25
ArtSimpleExample,11,Honest_1,era8,0.4
ArtSimpleExample,11,Honest_1,era7,0.6
ArtSimpleExample,11,Honest_1,era6,0.5
ArtSimpleExample,11,Honest_1,era5,0.7999999999999999
ArtSimpleExample,11,Honest_1,era10,0.8500000000000001
ArtSimpleExample,11,Honest_1,era4,0.7
ArtSimpleExample,11,Honest_1,era3,0.7000000000000001
ArtSimpleExample,11,Honest_1,era2,0.6000000000000001
ArtSimpleExample,11,Honest_1,era1,0.8999999999999999
ArtSimpleExample,11,ForTrust,era9,0.6500000000000001
ArtSimpleExample,11,ForTrust,era8,0.85
ArtSimpleExample,11,ForTrust,era7,0.8
ArtSimpleExample,11,ForTrust,era6,0.9
ArtSimpleExample,11,ForTrust,era5,0.4
ArtSimpleExample,11,ForTrust,era10,0.7000000000000001
ArtSimpleExample,11,ForTrust,era4,0.4
ArtSimpleExample,11,ForTrust,era3,0.8
ArtSimpleExample,11,ForTrust,era2,0.7500000000000001
ArtSimpleExample,11,ForTrust,era1,0.05000000000000002
ArtSimpleExample,11,Lazy_2,era9,0.45
ArtSimpleExample,11,Lazy_2,era8,0.65
ArtSimpleExample,11,Lazy_2,era7,0.6500000000000001
ArtSimpleExample,11,Lazy_2,era6,0.9
ArtSimpleExample,11,Lazy_2,era5,0.5499999999999999
ArtSimpleExample,11,Lazy_2,era10,0.25
ArtSimpleExample,11,Lazy_2,era4,0.8
ArtSimpleExample,11,Lazy_2,era3,0.95
ArtSimpleExample,11,Lazy_2,era2,0.25000000000000006
ArtSimpleExample,11,Lazy_2,era1,0.8500000000000001
ArtSimpleExample,11,Lazy_1,era9,0.8
ArtSimpleExample,11,Lazy_1,era8,0.5
ArtSimpleExample,11,Lazy_1,era7,0.45
ArtSimpleExample,11,Lazy_1,era6,0.45
ArtSimpleExample,11,Lazy_1,era5,0.85
ArtSimpleExample,11,Lazy_1,era10,0.7999999999999999
ArtSimpleExample,11,Lazy_1,era4,0.35
ArtSimpleExample,11,Lazy_1,era3,0.8
ArtSimpleExample,11,Lazy_1,era2,0.6
ArtSimpleExample,11,Lazy_1,era1,0.7000000000000001
ArtSimpleExample,12,Cheating_1,era9,0.9500000000000001
ArtSimpleExample,12,Cheating_1,era8,0.35
ArtSimpleExample,12,Cheating_1,era7,0.30000000000000004
ArtSimpleExample,12,Cheating_1,era6,0.8
ArtSimpleExample,12,Cheating_1,era5,0.7500000000000001
ArtSimpleExample,12,Cheating_1,era10,0.75
ArtSimpleExample,12,Cheating_1,era4,0.45
ArtSimpleExample,12,Cheating_1,era3,0.55
ArtSimpleExample,12,Cheating_1,era2,0.7499999999999999
ArtSimpleExample,12,Cheating_1,era1,0.65
ArtSimpleExample,12,Honest_4,era9,0.49999999999999994
ArtSimpleExample,12,Honest_4,era8,0.6499999999999998
ArtSimpleExample,12,Honest_4,era7,0.7000000000000001
ArtSimpleExample,12,Honest_4,era6,0.5
ArtSimpleExample,12,Honest_4,era5,0.45
ArtSimpleExample,12,Honest_4,era10,0.75
ArtSimpleExample,12,Honest_4,era4,0.85
ArtSimpleExample,12,Honest_4,era3,0.75
ArtSimpleExample,12,Honest_4,era2,0.5499999999999999
ArtSimpleExample,12,Honest_4,era1,0.6000000000000001
ArtSimpleExample,12,Honest_3,era9,0.39999999999999997
ArtSimpleExample,12,Honest_3,era8,0.9
ArtSimpleExample,12,Honest_3,era7,0.8500000000000001
ArtSimpleExample,12,Honest_3,era6,0.4
ArtSimpleExample,12,Honest_3,era5,0.8500000000000001
ArtSimpleExample,12,Honest_3,era10,0.35000000000000003
ArtSimpleExample,12,Honest_3,era4,0.55
ArtSimpleExample,12,Honest_3,era3,0.7500000000000001
ArtSimpleExample,12,Honest_3,era2,0.9500000000000001
ArtSimpleExample,12,Honest_3,era1,0.3
ArtSimpleExample,12,Honest_2,era9,0.8
ArtSimpleExample,12,Honest_2,era8,0.5
ArtSimpleExample,12,Honest_2,era7,0.9
ArtSimpleExample,12,Honest_2,era6,0.65
ArtSimpleExample,12,Honest_2,era5,0.4
ArtSimpleExample,12,Honest_2,era10,0.8
ArtSimpleExample,12,Honest_2,era4,0.55
ArtSimpleExample,12,Honest_2,era3,0.7999999999999999
ArtSimpleExample,12,Honest_2,era2,0.65
ArtSimpleExample,12,Honest_2,era1,0.25
ArtSimpleExample,12,Honest_1,era9,0.2
ArtSimpleExample,12,Honest_1,era8,0.4
ArtSimpleExample,12,Honest_1,era7,0.6
ArtSimpleExample,12,Honest_1,era6,0.55
ArtSimpleExample,12,Honest_1,era5,0.7999999999999999
ArtSimpleExample,12,Honest_1,era10,0.8500000000000001
ArtSimpleExample,12,Honest_1,era4,0.7
ArtSimpleExample,12,Honest_1,era3,0.7000000000000001
ArtSimpleExample,12,Honest_1,era2,0.6500000000000001
ArtSimpleExample,12,Honest_1,era1,0.8499999999999999
ArtSimpleExample,12,ForTrust,era9,0.6500000000000001
ArtSimpleExample,12,ForTrust,era8,0.7999999999999999
ArtSimpleExample,12,ForTrust,era7,0.8
ArtSimpleExample,12,ForTrust,era6,0.9
ArtSimpleExample,12,ForTrust,era5,0.4
ArtSimpleExample,12,ForTrust,era10,0.7000000000000001
ArtSimpleExample,12,ForTrust,era4,0.4
ArtSimpleExample,12,ForTrust,era3,0.8
ArtSimpleExample,12,ForTrust,era2,0.8000000000000002
ArtSimpleExample,12,ForTrust,era1,0.05000000000000002
ArtSimpleExample,12,Lazy_2,era9,0.45
ArtSimpleExample,12,Lazy_2,era8,0.65
ArtSimpleExample,12,Lazy_2,era7,0.6000000000000001
ArtSimpleExample,12,Lazy_2,era6,0.85
ArtSimpleExample,12,Lazy_2,era5,0.5499999999999999
ArtSimpleExample,12,Lazy_2,era10,0.25
ArtSimpleExample,12,Lazy_2,era4,0.8
ArtSimpleExample,12,Lazy_2,era3,1.0
ArtSimpleExample,12,Lazy_2,era2,0.30000000000000004
ArtSimpleExample,12,Lazy_2,era1,0.8500000000000001
ArtSimpleExample,12,Lazy_1,era9,0.8
ArtSimpleExample,12,Lazy_1,era8,0.5
ArtSimpleExample,12,Lazy_1,era7,0.45
ArtSimpleExample,12,Lazy_1,era6,0.4
ArtSimpleExample,12,Lazy_1,era5,0.85
ArtSimpleExample,12,Lazy_1,era10,0.7499999999999999
ArtSimpleExample,12,Lazy_1,era4,0.44999999999999996
ArtSimpleExample,12,Lazy_1,era3,0.8
ArtSimpleExample,12,Lazy_1,era2,0.6
ArtSimpleExample,12,Lazy_1,era1,0.7000000000000001
ArtSimpleExample,13,Cheating_1,era9,0.9500000000000001
ArtSimpleExample,13,Cheating_1,era8,0.35
ArtSimpleExample,13,Cheating_1,era7,0.25000000000000006
ArtSimpleExample,13,Cheating_1,era6,0.8
ArtSimpleExample,13,Cheating_1,era5,0.7500000000000001
ArtSimpleExample,13,Cheating_1,era10,0.75
ArtSimpleExample,13,Cheating_1,era4,0.5
ArtSimpleExample,13,Cheating_1,era3,0.6000000000000001
ArtSimpleExample,13,Cheating_1,era2,0.6999999999999998
ArtSimpleExample,13,Cheating_1,era1,0.65
ArtSimpleExample,13,Honest_4,era9,0.49999999999999994
ArtSimpleExample,13,Honest_4,era8,0.6499999999999998
ArtSimpleExample,13,Honest_4,era7,0.7000000000000001
ArtSimpleExample,13,Honest_4,era6,0.45
ArtSimpleExample,13,Honest_4,era5,0.4
ArtSimpleExample,13,Honest_4,era10,0.75
ArtSimpleExample,13,Honest_4,era4,0.85
ArtSimpleExample,13,Honest_4,era3,0.8
ArtSimpleExample,13,Honest_4,era2,0.5499999999999999
ArtSimpleExample,13,Honest_4,era1,0.6500000000000001
ArtSimpleExample,13,Honest_3,era9,0.3
ArtSimpleExample,13,Honest_3,era8,0.9
ArtSimpleExample,13,Honest_3,era7,0.8500000000000001
ArtSimpleExample,13,Honest_3,era6,0.4
ArtSimpleExample,13,Honest_3,era5,0.8500000000000001
ArtSimpleExample,13,Honest_3,era10,0.35000000000000003
ArtSimpleExample,13,Honest_3,era4,0.6000000000000001
ArtSimpleExample,13,Honest_3,era3,0.7500000000000001
ArtSimpleExample,13,Honest_3,era2,0.9500000000000001
ArtSimpleExample,13,Honest_3,era1,0.35
ArtSimpleExample,13,Honest_2,era9,0.8
ArtSimpleExample,13,Honest_2,era8,0.5
ArtSimpleExample,13,Honest_2,era7,0.85
ArtSimpleExample,13,Honest_2,era6,0.65
ArtSimpleExample,13,Honest_2,era5,0.45
ArtSimpleExample,13,Honest_2,era10,0.8
ArtSimpleExample,13,Honest_2,era4,0.55
ArtSimpleExample,13,Honest_2,era3,0.7999999999999999
ArtSimpleExample,13,Honest_2,era2,0.65
ArtSimpleExample,13,Honest_2,era1,0.25
ArtSimpleExample,13,Honest_1,era9,0.2
ArtSimpleExample,13,Honest_1,era8,0.35000000000000003
ArtSimpleExample,13,Honest_1,era7,0.6
ArtSimpleExample,13,Honest_1,era6,0.6000000000000001
ArtSimpleExample,13,Honest_1,era5,0.85
ArtSimpleExample,13,Honest_1,era10,0.8500000000000001
ArtSimpleExample,13,Honest_1,era4,0.6499999999999999
ArtSimpleExample,13,Honest_1,era3,0.7000000000000001
ArtSimpleExample,13,Honest_1,era2,0.6500000000000001
ArtSimpleExample,13,Honest_1,era1,0.8499999999999999
ArtSimpleExample,13,ForTrust,era9,0.6000000000000001
ArtSimpleExample,13,ForTrust,era8,0.7999999999999999
ArtSimpleExample,13,ForTrust,era7,0.8500000000000001
ArtSimpleExample,13,ForTrust,era6,0.9
ArtSimpleExample,13,ForTrust,era5,0.4
ArtSimpleExample,13,ForTrust,era10,0.7000000000000001
ArtSimpleExample,13,ForTrust,era4,0.35000000000000003
ArtSimpleExample,13,ForTrust,era3,0.8500000000000001
ArtSimpleExample,13,ForTrust,era2,0.8000000000000002
ArtSimpleExample,13,ForTrust,era1,0.05000000000000002
ArtSimpleExample,13,Lazy_2,era9,0.4
ArtSimpleExample,13,Lazy_2,era8,0.7000000000000001
ArtSimpleExample,13,Lazy_2,era7,0.55
ArtSimpleExample,13,Lazy_2,era6,0.85
ArtSimpleExample,13,Lazy_2,era5,0.5499999999999999
ArtSimpleExample,13,Lazy_2,era10,0.3
ArtSimpleExample,13,Lazy_2,era4,0.8
ArtSimpleExample,13,Lazy_2,era3,1.0
ArtSimpleExample,13,Lazy_2,era2,0.30000000000000004
ArtSimpleExample,13,Lazy_2,era1,0.8500000000000001
ArtSimpleExample,13,Lazy_1,era9,0.8500000000000001
ArtSimpleExample,13,Lazy_1,era8,0.5
ArtSimpleExample,13,Lazy_1,era7,0.45
ArtSimpleExample,13,Lazy_1,era6,0.45
ArtSimpleExample,13,Lazy_1,era5,0.7999999999999999
ArtSimpleExample,13,Lazy_1,era10,0.6999999999999998
ArtSimpleExample,13,Lazy_1,era4,0.44999999999999996
ArtSimpleExample,13,Lazy_1,era3,0.8
ArtSimpleExample,13,Lazy_1,era2,0.6
ArtSimpleExample,13,Lazy_1,era1,0.7000000000000001
ArtSimpleExample,14,Cheating_1,era9,0.9500000000000001
ArtSimpleExample,14,Cheating_1,era8,0.39999999999999997
ArtSimpleExample,14,Cheating_1,era7,0.20000000000000007
ArtSimpleExample,14,Cheating_1,era6,0.8
ArtSimpleExample,14,Cheating_1,era5,0.7500000000000001
ArtSimpleExample,14,Cheating_1,era10,0.75
ArtSimpleExample,14,Cheating_1,era4,0.5
ArtSimpleExample,14,Cheating_1,era3,0.6000000000000001
ArtSimpleExample,14,Cheating_1,era2,0.6499999999999998
ArtSimpleExample,14,Cheating_1,era1,0.7000000000000001
ArtSimpleExample,14,Honest_4,era9,0.49999999999999994
ArtSimpleExample,14,Honest_4,era8,0.6999999999999998
ArtSimpleExample,14,Honest_4,era7,0.7000000000000001
ArtSimpleExample,14,Honest_4,era6,0.45
ArtSimpleExample,14,Honest_4,era5,0.4
ArtSimpleExample,14,Honest_4,era10,0.75
ArtSimpleExample,14,Honest_4,era4,0.85
ArtSimpleExample,14,Honest_4,era3,0.75
ArtSimpleExample,14,Honest_4,era2,0.5499999999999999
ArtSimpleExample,14,Honest_4,era1,0.6500000000000001
ArtSimpleExample,14,Honest_3,era9,0.35
ArtSimpleExample,14,Honest_3,era8,0.9
ArtSimpleExample,14,Honest_3,era7,0.8
ArtSimpleExample,14,Honest_3,era6,0.4
ArtSimpleExample,14,Honest_3,era5,0.8500000000000001
ArtSimpleExample,14,Honest_3,era10,0.30000000000000004
ArtSimpleExample,14,Honest_3,era4,0.6000000000000001
ArtSimpleExample,14,Honest_3,era3,0.7500000000000001
ArtSimpleExample,14,Honest_3,era2,0.9500000000000001
ArtSimpleExample,14,Honest_3,era1,0.39999999999999997
ArtSimpleExample,14,Honest_2,era9,0.8
ArtSimpleExample,14,Honest_2,era8,0.5
ArtSimpleExample,14,Honest_2,era7,0.85
ArtSimpleExample,14,Honest_2,era6,0.65
ArtSimpleExample,14,Honest_2,era5,0.45
ArtSimpleExample,14,Honest_2,era10,0.8500000000000001
ArtSimpleExample,14,Honest_2,era4,0.5
ArtSimpleExample,14,Honest_2,era3,0.7999999999999999
ArtSimpleExample,14,Honest_2,era2,0.65
ArtSimpleExample,14,Honest_2,era1,0.25
ArtSimpleExample,14,Honest_1,era9,0.2
ArtSimpleExample,14,Honest_1,era8,0.35000000000000003
ArtSimpleExample,14,Honest_1,era7,0.6
ArtSimpleExample,14,Honest_1,era6,0.6500000000000001
ArtSimpleExample,14,Honest_1,era5,0.85
ArtSimpleExample,14,Honest_1,era10,0.8
ArtSimpleExample,14,Honest_1,era4,0.6499999999999999
ArtSimpleExample,14,Honest_1,era3,0.65
ArtSimpleExample,14,Honest_1,era2,0.7000000000000002
ArtSimpleExample,14,Honest_1,era1,0.8499999999999999
ArtSimpleExample,14,ForTrust,era9,0.6000000000000001
ArtSimpleExample,14,ForTrust,era8,0.7999999999999999
ArtSimpleExample,14,ForTrust,era7,0.8500000000000001
ArtSimpleExample,14,ForTrust,era6,0.9
ArtSimpleExample,14,ForTrust,era5,0.4
ArtSimpleExample,14,ForTrust,era10,0.7000000000000001
ArtSimpleExample,14,ForTrust,era4,0.35000000000000003
ArtSimpleExample,14,ForTrust,era3,0.9000000000000001
ArtSimpleExample,14,ForTrust,era2,0.7500000000000001
ArtSimpleExample,14,ForTrust,era1,0.05000000000000002
ArtSimpleExample,14,Lazy_2,era9,0.45
ArtSimpleExample,14,Lazy_2,era8,0.7000000000000001
ArtSimpleExample,14,Lazy_2,era7,0.55
ArtSimpleExample,14,Lazy_2,era6,0.85
ArtSimpleExample,14,Lazy_2,era5,0.5499999999999999
ArtSimpleExample,14,Lazy_2,era10,0.25
ArtSimpleExample,14,Lazy_2,era4,0.75
ArtSimpleExample,14,Lazy_2,era3,1.0
ArtSimpleExample,14,Lazy_2,era2,0.35000000000000003
ArtSimpleExample,14,Lazy_2,era1,0.8500000000000001
ArtSimpleExample,14,Lazy_1,era9,0.8500000000000001
ArtSimpleExample,14,Lazy_1,era8,0.5
ArtSimpleExample,14,Lazy_1,era7,0.45
ArtSimpleExample,14,Lazy_1,era6,0.45
ArtSimpleExample,14,Lazy_1,era5,0.85
ArtSimpleExample,14,Lazy_1,era10,0.6999999999999998
ArtSimpleExample,14,Lazy_1,era4,0.44999999999999996
ArtSimpleExample,14,Lazy_1,era3,0.8
ArtSimpleExample,14,Lazy_1,era2,0.6
ArtSimpleExample,14,Lazy_1,era1,0.65
ArtSimpleExample,15,Cheating_1,era9,0.9
ArtSimpleExample,15,Cheating_1,era8,0.39999999999999997
ArtSimpleExample,15,Cheating_1,era7,0.20000000000000007
ArtSimpleExample,15,Cheating_1,era6,0.8
ArtSimpleExample,15,Cheating_1,era5,0.7500000000000001
ArtSimpleExample,15,Cheating_1,era10,0.75
ArtSimpleExample,15,Cheating_1,era4,0.45
ArtSimpleExample,15,Cheating_1,era3,0.6000000000000001
ArtSimpleExample,15,Cheating_1,era2,0.6999999999999998
ArtSimpleExample,15,Cheating_1,era1,0.7500000000000001
ArtSimpleExample,15,Honest_4,era9,0.49999999999999994
ArtSimpleExample,15,Honest_4,era8,0.6499999999999998
ArtSimpleExample,15,Honest_4,era7,0.7000000000000001
ArtSimpleExample,15,Honest_4,era6,0.4
ArtSimpleExample,15,Honest_4,era5,0.45
ArtSimpleExample,15,Honest_4,era10,0.75
ArtSimpleExample,15,Honest_4,era4,0.85
ArtSimpleExample,15,Honest_4,era3,0.75
ArtSimpleExample,15,Honest_4,era2,0.5499999999999999
ArtSimpleExample,15,Honest_4,era1,0.7000000000000002
ArtSimpleExample,15,Honest_3,era9,0.35
ArtSimpleExample,15,Honest_3,era8,0.9
ArtSimpleExample,15,Honest_3,era7,0.8500000000000001
ArtSimpleExample,15,Honest_3,era6,0.4
ArtSimpleExample,15,Honest_3,era5,0.8500000000000001
ArtSimpleExample,15,Honest_3,era10,0.30000000000000004
ArtSimpleExample,15,Honest_3,era4,0.6000000000000001
ArtSimpleExample,15,Honest_3,era3,0.7500000000000001
ArtSimpleExample,15,Honest_3,era2,1.0
ArtSimpleExample,15,Honest_3,era1,0.3
ArtSimpleExample,15,Honest_2,era9,0.8
ArtSimpleExample,15,Honest_2,era8,0.5
ArtSimpleExample,15,Honest_2,era7,0.85
ArtSimpleExample,15,Honest_2,era6,0.65
ArtSimpleExample,15,Honest_2,era5,0.4
ArtSimpleExample,15,Honest_2,era10,0.9000000000000001
ArtSimpleExample,15,Honest_2,era4,0.5
ArtSimpleExample,15,Honest_2,era3,0.7999999999999999
ArtSimpleExample,15,Honest_2,era2,0.65
ArtSimpleExample,15,Honest_2,era1,0.25
ArtSimpleExample,15,Honest_1,era9,0.2
ArtSimpleExample,15,Honest_1,era8,0.30000000000000004
ArtSimpleExample,15,Honest_1,era7,0.6
ArtSimpleExample,15,Honest_1,era6,0.7000000000000002
ArtSimpleExample,15,Honest_1,era5,0.85
ArtSimpleExample,15,Honest_1,era10,0.8
ArtSimpleExample,15,Honest_1,era4,0.6499999999999999
ArtSimpleExample,15,Honest_1,era3,0.65
ArtSimpleExample,15,Honest_1,era2,0.6500000000000001
ArtSimpleExample,15,Honest_1,era1,0.8999999999999999
ArtSimpleExample,15,ForTrust,era9,0.6000000000000001
ArtSimpleExample,15,ForTrust,era8,0.7999999999999999
ArtSimpleExample,15,ForTrust,era7,0.8500000000000001
ArtSimpleExample,15,ForTrust,era6,0.9
ArtSimpleExample,15,ForTrust,era5,0.4
ArtSimpleExample,15,ForTrust,era10,0.7500000000000001
ArtSimpleExample,15,ForTrust,era4,0.35000000000000003
ArtSimpleExample,15,ForTrust,era3,0.8500000000000001
ArtSimpleExample,15,ForTrust,era2,0.7500000000000001
ArtSimpleExample,15,ForTrust,era1,0.05000000000000002
ArtSimpleExample,15,Lazy_2,era9,0.45
ArtSimpleExample,15,Lazy_2,era8,0.7000000000000001
ArtSimpleExample,15,Lazy_2,era7,0.55
ArtSimpleExample,15,Lazy_2,era6,0.85
ArtSimpleExample,15,Lazy_2,era5,0.49999999999999994
ArtSimpleExample,15,Lazy_2,era10,0.25
ArtSimpleExample,15,Lazy_2,era4,0.75
ArtSimpleExample,15,Lazy_2,era3,1.0
ArtSimpleExample,15,Lazy_2,era2,0.35000000000000003
ArtSimpleExample,15,Lazy_2,era1,0.9000000000000001
ArtSimpleExample,15,Lazy_1,era9,0.8500000000000001
ArtSimpleExample,15,Lazy_1,era8,0.5
ArtSimpleExample,15,Lazy_1,era7,0.4
ArtSimpleExample,15,Lazy_1,era6,0.45
ArtSimpleExample,15,Lazy_1,era5,0.85
ArtSimpleExample,15,Lazy_1,era10,0.6999999999999998
ArtSimpleExample,15,Lazy_1,era4,0.44999999999999996
ArtSimpleExample,15,Lazy_1,era3,0.8500000000000001
ArtSimpleExample,15,Lazy_1,era2,0.6
ArtSimpleExample,15,Lazy_1,era1,0.65
ArtSimpleExample,16,Cheating_1,era9,0.9
ArtSimpleExample,16,Cheating_1,era8,0.35
ArtSimpleExample,16,Cheating_1,era7,0.15000000000000008
ArtSimpleExample,16,Cheating_1,era6,0.8
ArtSimpleExample,16,Cheating_1,era5,0.8000000000000002
ArtSimpleExample,16,Cheating_1,era10,0.75
ArtSimpleExample,16,Cheating_1,era4,0.5
ArtSimpleExample,16,Cheating_1,era3,0.6000000000000001
ArtSimpleExample,16,Cheating_1,era2,0.6999999999999998
ArtSimpleExample,16,Cheating_1,era1,0.7500000000000001
ArtSimpleExample,16,Honest_4,era9,0.49999999999999994
ArtSimpleExample,16,Honest_4,era8,0.6499999999999998
ArtSimpleExample,16,Honest_4,era7,0.7000000000000001
ArtSimpleExample,16,Honest_4,era6,0.45
ArtSimpleExample,16,Honest_4,era5,0.45
ArtSimpleExample,16,Honest_4,era10,0.75
ArtSimpleExample,16,Honest_4,era4,0.9
ArtSimpleExample,16,Honest_4,era3,0.7
ArtSimpleExample,16,Honest_4,era2,0.5499999999999999
ArtSimpleExample,16,Honest_4,era1,0.6500000000000001
ArtSimpleExample,16,Honest_3,era9,0.35
ArtSimpleExample,16,Honest_3,era8,0.9
ArtSimpleExample,16,Honest_3,era7,0.8
ArtSimpleExample,16,Honest_3,era6,0.4
ArtSimpleExample,16,Honest_3,era5,0.9000000000000001
ArtSimpleExample,16,Honest_3,era10,0.25000000000000006
ArtSimpleExample,16,Honest_3,era4,0.6000000000000001
ArtSimpleExample,16,Honest_3,era3,0.8000000000000002
ArtSimpleExample,16,Honest_3,era2,1.0
ArtSimpleExample,16,Honest_3,era1,0.3
ArtSimpleExample,16,Honest_2,era9,0.75
ArtSimpleExample,16,Honest_2,era8,0.5
ArtSimpleExample,16,Honest_2,era7,0.7999999999999999
ArtSimpleExample,16,Honest_2,era6,0.65
ArtSimpleExample,16,Honest_2,era5,0.4
ArtSimpleExample,16,Honest_2,era10,0.9000000000000001
ArtSimpleExample,16,Honest_2,era4,0.6000000000000001
ArtSimpleExample,16,Honest_2,era3,0.7999999999999999
ArtSimpleExample,16,Honest_2,era2,0.65
ArtSimpleExample,16,Honest_2,era1,0.25
ArtSimpleExample,16,Honest_1,era9,0.2
ArtSimpleExample,16,Honest_1,era8,0.30000000000000004
ArtSimpleExample,16,Honest_1,era7,0.6
ArtSimpleExample,16,Honest_1,era6,0.6500000000000001
ArtSimpleExample,16,Honest_1,era5,0.7999999999999999
ArtSimpleExample,16,Honest_1,era10,0.8
ArtSimpleExample,16,Honest_1,era4,0.6499999999999999
ArtSimpleExample,16,Honest_1,era3,0.7500000000000001
ArtSimpleExample,16,Honest_1,era2,0.6500000000000001
ArtSimpleExample,16,Honest_1,era1,0.8999999999999999
ArtSimpleExample,16,ForTrust,era9,0.6000000000000001
ArtSimpleExample,16,ForTrust,era8,0.85
ArtSimpleExample,16,ForTrust,era7,0.8500000000000001
ArtSimpleExample,16,ForTrust,era6,0.9
ArtSimpleExample,16,ForTrust,era5,0.35000000000000003
ArtSimpleExample,16,ForTrust,era10,0.7000000000000001
ArtSimpleExample,16,ForTrust,era4,0.35000000000000003
ArtSimpleExample,16,ForTrust,era3,0.9000000000000001
ArtSimpleExample,16,ForTrust,era2,0.7500000000000001
ArtSimpleExample,16,ForTrust,era1,0.05000000000000002
ArtSimpleExample,16,Lazy_2,era9,0.45
ArtSimpleExample,16,Lazy_2,era8,0.7000000000000001
ArtSimpleExample,16,Lazy_2,era7,0.5
ArtSimpleExample,16,Lazy_2,era6,0.85
ArtSimpleExample,16,Lazy_2,era5,0.5499999999999999
ArtSimpleExample,16,Lazy_2,era10,0.25
ArtSimpleExample,16,Lazy_2,era4,0.75
ArtSimpleExample,16,Lazy_2,era3,1.0
ArtSimpleExample,16,Lazy_2,era2,0.35000000000000003
ArtSimpleExample,16,Lazy_2,era1,0.9000000000000001
ArtSimpleExample,16,Lazy_1,era9,0.8
ArtSimpleExample,16,Lazy_1,era8,0.5
ArtSimpleExample,16,Lazy_1,era7,0.4
ArtSimpleExample,16,Lazy_1,era6,0.45
ArtSimpleExample,16,Lazy_1,era5,0.85
ArtSimpleExample,16,Lazy_1,era10,0.7499999999999999
ArtSimpleExample,16,Lazy_1,era4,0.44999999999999996
ArtSimpleExample,16,Lazy_1,era3,0.8500000000000001
ArtSimpleExample,16,Lazy_1,era2,0.6
ArtSimpleExample,16,Lazy_1,era1,0.65
ArtSimpleExample,17,Cheating_1,era9,0.9
ArtSimpleExample,17,Cheating_1,era8,0.35
ArtSimpleExample,17,Cheating_1,era7,0.15000000000000008
ArtSimpleExample,17,Cheating_1,era6,0.8
ArtSimpleExample,17,Cheating_1,era5,0.8500000000000002
ArtSimpleExample,17,Cheating_1,era10,0.75
ArtSimpleExample,17,Cheating_1,era4,0.5
ArtSimpleExample,17,Cheating_1,era3,0.55
ArtSimpleExample,17,Cheating_1,era2,0.6999999999999998
ArtSimpleExample,17,Cheating_1,era1,0.7500000000000001
ArtSimpleExample,17,Honest_4,era9,0.5499999999999999
ArtSimpleExample,17,Honest_4,era8,0.6499999999999998
ArtSimpleExample,17,Honest_4,era7,0.65
ArtSimpleExample,17,Honest_4,era6,0.45
ArtSimpleExample,17,Honest_4,era5,0.45
ArtSimpleExample,17,Honest_4,era10,0.75
ArtSimpleExample,17,Honest_4,era4,0.9
ArtSimpleExample,17,Honest_4,era3,0.7
ArtSimpleExample,17,Honest_4,era2,0.5499999999999999
ArtSimpleExample,17,Honest_4,era1,0.6500000000000001
ArtSimpleExample,17,Honest_3,era9,0.35
ArtSimpleExample,17,Honest_3,era8,0.9
ArtSimpleExample,17,Honest_3,era7,0.8
ArtSimpleExample,17,Honest_3,era6,0.45
ArtSimpleExample,17,Honest_3,era5,0.9500000000000002
ArtSimpleExample,17,Honest_3,era10,0.20000000000000007
ArtSimpleExample,17,Honest_3,era4,0.55
ArtSimpleExample,17,Honest_3,era3,0.8000000000000002
ArtSimpleExample,17,Honest_3,era2,1.0
ArtSimpleExample,17,Honest_3,era1,0.3
ArtSimpleExample,17,Honest_2,era9,0.8
ArtSimpleExample,17,Honest_2,era8,0.5
ArtSimpleExample,17,Honest_2,era7,0.7999999999999999
ArtSimpleExample,17,Honest_2,era6,0.7000000000000001
ArtSimpleExample,17,Honest_2,era5,0.35000000000000003
ArtSimpleExample,17,Honest_2,era10,0.9000000000000001
ArtSimpleExample,17,Honest_2,era4,0.6000000000000001
ArtSimpleExample,17,Honest_2,era3,0.7999999999999999
ArtSimpleExample,17,Honest_2,era2,0.6
ArtSimpleExample,17,Honest_2,era1,0.25
ArtSimpleExample,17,Honest_1,era9,0.2
ArtSimpleExample,17,Honest_1,era8,0.30000000000000004
ArtSimpleExample,17,Honest_1,era7,0.6
ArtSimpleExample,17,Honest_1,era6,0.6500000000000001
ArtSimpleExample,17,Honest_1,era5,0.7999999999999999
ArtSimpleExample,17,Honest_1,era10,0.8
ArtSimpleExample,17,Honest_1,era4,0.6499999999999999
ArtSimpleExample,17,Honest_1,era3,0.7500000000000001
ArtSimpleExample,17,Honest_1,era2,0.7000000000000002
ArtSimpleExample,17,Honest_1,era1,0.8499999999999999
ArtSimpleExample,17,ForTrust,era9,0.6000000000000001
ArtSimpleExample,17,ForTrust,era8,0.85
ArtSimpleExample,17,ForTrust,era7,0.8500000000000001
ArtSimpleExample,17,ForTrust,era6,0.9
ArtSimpleExample,17,ForTrust,era5,0.35000000000000003
ArtSimpleExample,17,ForTrust,era10,0.7000000000000001
ArtSimpleExample,17,ForTrust,era4,0.35000000000000003
ArtSimpleExample,17,ForTrust,era3,0.9000000000000001
ArtSimpleExample,17,ForTrust,era2,0.7500000000000001
ArtSimpleExample,17,ForTrust,era1,0.05000000000000002
ArtSimpleExample,17,Lazy_2,era9,0.45
ArtSimpleExample,17,Lazy_2,era8,0.7000000000000001
ArtSimpleExample,17,Lazy_2,era7,0.5
ArtSimpleExample,17,Lazy_2,era6,0.9500000000000001
ArtSimpleExample,17,Lazy_2,era5,0.5499999999999999
ArtSimpleExample,17,Lazy_2,era10,0.25
ArtSimpleExample,17,Lazy_2,era4,0.75
ArtSimpleExample,17,Lazy_2,era3,1.0
ArtSimpleExample,17,Lazy_2,era2,0.30000000000000004
ArtSimpleExample,17,Lazy_2,era1,0.8500000000000001
ArtSimpleExample,17,Lazy_1,era9,0.8
ArtSimpleExample,17,Lazy_1,era8,0.45
ArtSimpleExample,17,Lazy_1,era7,0.4
ArtSimpleExample,17,Lazy_1,era6,0.45
ArtSimpleExample,17,Lazy_1,era5,0.85
ArtSimpleExample,17,Lazy_1,era10,0.7999999999999999
ArtSimpleExample,17,Lazy_1,era4,0.44999999999999996
ArtSimpleExample,17,Lazy_1,era3,0.8500000000000001
ArtSimpleExample,17,Lazy_1,era2,0.6
ArtSimpleExample,17,Lazy_1,era1,0.65
ArtSimpleExample,18,Cheating_1,era9,0.9500000000000001
ArtSimpleExample,18,Cheating_1,era8,0.35
ArtSimpleExample,18,Cheating_1,era7,0.10000000000000007
ArtSimpleExample,18,Cheating_1,era6,0.8
ArtSimpleExample,18,Cheating_1,era5,0.8500000000000002
ArtSimpleExample,18,Cheating_1,era10,0.7
ArtSimpleExample,18,Cheating_1,era4,0.55
ArtSimpleExample,18,Cheating_1,era3,0.55
ArtSimpleExample,18,Cheating_1,era2,0.6999999999999998
ArtSimpleExample,18,Cheating_1,era1,0.7500000000000001
ArtSimpleExample,18,Honest_4,era9,0.5499999999999999
ArtSimpleExample,18,Honest_4,era8,0.6499999999999998
ArtSimpleExample,18,Honest_4,era7,0.65
ArtSimpleExample,18,Honest_4,era6,0.5
ArtSimpleExample,18,Honest_4,era5,0.45
ArtSimpleExample,18,Honest_4,era10,0.75
ArtSimpleExample,18,Honest_4,era4,0.9
ArtSimpleExample,18,Honest_4,era3,0.6499999999999999
ArtSimpleExample,18,Honest_4,era2,0.5499999999999999
ArtSimpleExample,18,Honest_4,era1,0.6500000000000001
ArtSimpleExample,18,Honest_3,era9,0.35
ArtSimpleExample,18,Honest_3,era8,0.9
ArtSimpleExample,18,Honest_3,era7,0.75
ArtSimpleExample,18,Honest_3,era6,0.4
ArtSimpleExample,18,Honest_3,era5,0.9500000000000002
ArtSimpleExample,18,Honest_3,era10,0.20000000000000007
ArtSimpleExample,18,Honest_3,era4,0.55
ArtSimpleExample,18,Honest_3,era3,0.8500000000000002
ArtSimpleExample,18,Honest_3,era2,1.0
ArtSimpleExample,18,Honest_3,era1,0.35
ArtSimpleExample,18,Honest_2,era9,0.8
ArtSimpleExample,18,Honest_2,era8,0.5
ArtSimpleExample,18,Honest_2,era7,0.7999999999999999
ArtSimpleExample,18,Honest_2,era6,0.65
ArtSimpleExample,18,Honest_2,era5,0.35000000000000003
ArtSimpleExample,18,Honest_2,era10,1.0
ArtSimpleExample,18,Honest_2,era4,0.55
ArtSimpleExample,18,Honest_2,era3,0.7999999999999999
ArtSimpleExample,18,Honest_2,era2,0.6
ArtSimpleExample,18,Honest_2,era1,0.25
ArtSimpleExample,18,Honest_1,era9,0.2
ArtSimpleExample,18,Honest_1,era8,0.25000000000000006
ArtSimpleExample,18,Honest_1,era7,0.6
ArtSimpleExample,18,Honest_1,era6,0.6500000000000001
ArtSimpleExample,18,Honest_1,era5,0.7999999999999999
ArtSimpleExample,18,Honest_1,era10,0.8500000000000001
ArtSimpleExample,18,Honest_1,era4,0.6499999999999999
ArtSimpleExample,18,Honest_1,era3,0.7500000000000001
ArtSimpleExample,18,Honest_1,era2,0.6500000000000001
ArtSimpleExample,18,Honest_1,era1,0.8999999999999999
ArtSimpleExample,18,ForTrust,era9,0.6000000000000001
ArtSimpleExample,18,ForTrust,era8,0.85
ArtSimpleExample,18,ForTrust,era7,0.8500000000000001
ArtSimpleExample,18,ForTrust,era6,0.9
ArtSimpleExample,18,ForTrust,era5,0.4
ArtSimpleExample,18,ForTrust,era10,0.7000000000000001
ArtSimpleExample,18,ForTrust,era4,0.35000000000000003
ArtSimpleExample,18,ForTrust,era3,0.9000000000000001
ArtSimpleExample,18,ForTrust,era2,0.7000000000000001
ArtSimpleExample,18,ForTrust,era1,0.05000000000000002
ArtSimpleExample,18,Lazy_2,era9,0.45
ArtSimpleExample,18,Lazy_2,era8,0.7000000000000001
ArtSimpleExample,18,Lazy_2,era7,0.45
ArtSimpleExample,18,Lazy_2,era6,1.0
ArtSimpleExample,18,Lazy_2,era5,0.5499999999999999
ArtSimpleExample,18,Lazy_2,era10,0.25
ArtSimpleExample,18,Lazy_2,era4,0.8
ArtSimpleExample,18,Lazy_2,era3,1.0
ArtSimpleExample,18,Lazy_2,era2,0.30000000000000004
ArtSimpleExample,18,Lazy_2,era1,0.8
ArtSimpleExample,18,Lazy_1,era9,0.8
ArtSimpleExample,18,Lazy_1,era8,0.45
ArtSimpleExample,18,Lazy_1,era7,0.35000000000000003
ArtSimpleExample,18,Lazy_1,era6,0.4
ArtSimpleExample,18,Lazy_1,era5,0.85
ArtSimpleExample,18,Lazy_1,era10,0.7999999999999999
ArtSimpleExample,18,Lazy_1,era4,0.49999999999999994
ArtSimpleExample,18,Lazy_1,era3,0.8500000000000001
ArtSimpleExample,18,Lazy_1,era2,0.6
ArtSimpleExample,18,Lazy_1,era1,0.7000000000000001
ArtSimpleExample,19,Cheating_1,era9,0.9500000000000001
ArtSimpleExample,19,Cheating_1,era8,0.3
ArtSimpleExample,19,Cheating_1,era7,0.10000000000000007
ArtSimpleExample,19,Cheating_1,era6,0.8
ArtSimpleExample,19,Cheating_1,era5,0.9000000000000002
ArtSimpleExample,19,Cheating_1,era10,0.7
ArtSimpleExample,19,Cheating_1,era4,0.55
ArtSimpleExample,19,Cheating_1,era3,0.55
ArtSimpleExample,19,Cheating_1,era2,0.6999999999999998
ArtSimpleExample,19,Cheating_1,era1,0.7500000000000001
ArtSimpleExample,19,Honest_4,era9,0.5499999999999999
ArtSimpleExample,19,Honest_4,era8,0.6499999999999998
ArtSimpleExample,19,Honest_4,era7,0.65
ArtSimpleExample,19,Honest_4,era6,0.5
ArtSimpleExample,19,Honest_4,era5,0.45
ArtSimpleExample,19,Honest_4,era10,0.7
ArtSimpleExample,19,Honest_4,era4,0.9
ArtSimpleExample,19,Honest_4,era3,0.6499999999999999
ArtSimpleExample,19,Honest_4,era2,0.5499999999999999
ArtSimpleExample,19,Honest_4,era1,0.7000000000000002
ArtSimpleExample,19,Honest_3,era9,0.39999999999999997
ArtSimpleExample,19,Honest_3,era8,0.9
ArtSimpleExample,19,Honest_3,era7,0.75
ArtSimpleExample,19,Honest_3,era6,0.35000000000000003
ArtSimpleExample,19,Honest_3,era5,0.9500000000000002
ArtSimpleExample,19,Honest_3,era10,0.20000000000000007
ArtSimpleExample,19,Honest_3,era4,0.55
ArtSimpleExample,19,Honest_3,era3,0.8000000000000002
ArtSimpleExample,19,Honest_3,era2,1.0
ArtSimpleExample,19,Honest_3,era1,0.39999999999999997
ArtSimpleExample,19,Honest_2,era9,0.8
ArtSimpleExample,19,Honest_2,era8,0.55
ArtSimpleExample,19,Honest_2,era7,0.7999999999999999
ArtSimpleExample,19,Honest_2,era6,0.65
ArtSimpleExample,19,Honest_2,era5,0.35000000000000003
ArtSimpleExample,19,Honest_2,era10,1.0
ArtSimpleExample,19,Honest_2,era4,0.55
ArtSimpleExample,19,Honest_2,era3,0.7999999999999999
ArtSimpleExample,19,Honest_2,era2,0.5499999999999999
ArtSimpleExample,19,Honest_2,era1,0.25
ArtSimpleExample,19,Honest_1,era9,0.2
ArtSimpleExample,19,Honest_1,era8,0.25000000000000006
ArtSimpleExample,19,Honest_1,era7,0.6
ArtSimpleExample,19,Honest_1,era6,0.6500000000000001
ArtSimpleExample,19,Honest_1,era5,0.7999999999999999
ArtSimpleExample,19,Honest_1,era10,0.9000000000000001
ArtSimpleExample,19,Honest_1,era4,0.6499999999999999
ArtSimpleExample,19,Honest_1,era3,0.8000000000000002
ArtSimpleExample,19,Honest_1,era2,0.6000000000000001
ArtSimpleExample,19,Honest_1,era1,0.8499999999999999
ArtSimpleExample,19,ForTrust,era9,0.6000000000000001
ArtSimpleExample,19,ForTrust,era8,0.85
ArtSimpleExample,19,ForTrust,era7,0.8
ArtSimpleExample,19,ForTrust,era6,0.9500000000000001
ArtSimpleExample,19,ForTrust,era5,0.45
ArtSimpleExample,19,ForTrust,era10,0.7000000000000001
ArtSimpleExample,19,ForTrust,era4,0.35000000000000003
ArtSimpleExample,19,ForTrust,era3,0.9000000000000001
ArtSimpleExample,19,ForTrust,era2,0.65
ArtSimpleExample,19,ForTrust,era1,0.05000000000000002
ArtSimpleExample,19,Lazy_2,era9,0.5
ArtSimpleExample,19,Lazy_2,era8,0.7000000000000001
ArtSimpleExample,19,Lazy_2,era7,0.45
ArtSimpleExample,19,Lazy_2,era6,0.95
ArtSimpleExample,19,Lazy_2,era5,0.6
ArtSimpleExample,19,Lazy_2,era10,0.25
ArtSimpleExample,19,Lazy_2,era4,0.8
ArtSimpleExample,19,Lazy_2,era3,0.95
ArtSimpleExample,19,Lazy_2,era2,0.30000000000000004
ArtSimpleExample,19,Lazy_2,era1,0.8
ArtSimpleExample,19,Lazy_1,era9,0.8
ArtSimpleExample,19,Lazy_1,era8,0.45
ArtSimpleExample,19,Lazy_1,era7,0.4
ArtSimpleExample,19,Lazy_1,era6,0.4
ArtSimpleExample,19,Lazy_1,era5,0.85
ArtSimpleExample,19,Lazy_1,era10,0.7999999999999999
ArtSimpleExample,19,Lazy_1,era4,0.49999999999999994
ArtSimpleExample,19,Lazy_1,era3,0.9000000000000001
ArtSimpleExample,19,Lazy_1,era2,0.6
ArtSimpleExample,19,Lazy_1,era1,0.6
